Crash ID,Agency,Case ID,County,Crash Date,Crash Death Count,Latitude,Longitude,Person Death Count,Person Type
11869420,SAN ANTONIO POLICE DEPARTMENT,SAPD11021517,BEXAR,2011-01-25,1,29.57425821,-98.37751546,1,4 - PEDESTRIAN
12576456,SAN ANTONIO POLICE DEPARTMENT,SAPD11024102,BEXAR,2011-01-28,1,29.42793814,-98.52460779,1,4 - PEDESTRIAN
11877635,SAN ANTONIO POLICE DEPARTMENT,SAPD11025380,BEXAR,2011-01-30,1,29.51423897,-98.57044718,1,4 - PEDESTRIAN
11931809,SAN ANTONIO POLICE DEPARTMENT,SAPD11047525,BEXAR,2011-02-24,1,29.44446497,-98.47626232,1,4 - PEDESTRIAN
11996687,SAN ANTONIO POLICE DEPARTMENT,SAPD11087274,BEXAR,2011-04-09,1,29.58289257,-98.34581927,1,4 - PEDESTRIAN
12265551,SAN ANTONIO POLICE DEPARTMENT,SAPD11106504,BEXAR,2011-04-30,1,29.45781892,-98.62612198,1,4 - PEDESTRIAN
12842035,UNIVERSAL CITY POLICE DEPARTMENT,1100008014,BEXAR,2011-05-07,1,29.54925199,-98.27755834,1,4 - PEDESTRIAN
12213227,SAN ANTONIO POLICE DEPARTMENT,SAPD11124984,BEXAR,2011-05-20,1,29.36811,-98.53404231,1,4 - PEDESTRIAN
12265553,SAN ANTONIO POLICE DEPARTMENT,SAPD11130164,BEXAR,2011-05-25,1,29.35120191,-98.4812487,1,4 - PEDESTRIAN
12099280,SAN ANTONIO POLICE DEPARTMENT,SAPD11139544,BEXAR,2011-06-04,1,29.4755439,-98.58264787,1,4 - PEDESTRIAN
12213229,SAN ANTONIO POLICE DEPARTMENT,SAPD11141323,BEXAR,2011-06-06,1,29.42700497,-98.44917355,1,4 - PEDESTRIAN
12259367,SAN ANTONIO POLICE DEPARTMENT,SAPD11152995SAPD-201,BEXAR,2011-06-18,1,29.43563022,-98.71051697,1,4 - PEDESTRIAN
12144317,SAN ANTONIO POLICE DEPARTMENT,SAPD11155847,BEXAR,2011-06-21,1,29.52406947,-98.48167565,1,4 - PEDESTRIAN
12265559,SAN ANTONIO POLICE DEPARTMENT,SAPD11155906,BEXAR,2011-06-21,1,29.37554861,-98.63885793,1,4 - PEDESTRIAN
12155054,SAN ANTONIO POLICE DEPARTMENT,SAPD11164346,BEXAR,2011-06-30,1,29.29006195,-98.64185728,1,4 - PEDESTRIAN
12155058,SAN ANTONIO POLICE DEPARTMENT,SAPD11167811,BEXAR,2011-07-04,1,No Data,No Data,1,4 - PEDESTRIAN
12385567,SAN ANTONIO POLICE DEPARTMENT,SAPD11171119,BEXAR,2011-07-08,1,No Data,No Data,1,4 - PEDESTRIAN
12186042,SAN ANTONIO POLICE DEPARTMENT,SAPD-2011-0746281SAP,BEXAR,2011-07-16,1,29.43479243,-98.47777995,1,4 - PEDESTRIAN
12563434,SAN ANTONIO POLICE DEPARTMENT,11181089,BEXAR,2011-07-19,1,29.41069122,-98.49938089,1,4 - PEDESTRIAN
12443889,SAN ANTONIO POLICE DEPARTMENT,SAPD11234546,BEXAR,2011-09-14,1,29.40630137,-98.57325336,1,4 - PEDESTRIAN
12588282,SAN ANTONIO POLICE DEPARTMENT,SAPD11236423,BEXAR,2011-09-17,1,29.56968847,-98.59298671,1,4 - PEDESTRIAN
13486933,BEXAR COUNTY LAW ENFORCEMENT,2011BCSO039366,BEXAR,2011-09-30,1,29.24949906,-98.74875707,1,4 - PEDESTRIAN
12309674,SAN ANTONIO POLICE DEPARTMENT,SAPD11252928,BEXAR,2011-10-05,1,29.48408496,-98.39926317,1,4 - PEDESTRIAN
12367981,BEXAR COUNTY LAW ENFORCEMENT,2011-039893,BEXAR,2011-10-05,1,29.2667753,-98.30512348,1,4 - PEDESTRIAN
12309675,SAN ANTONIO POLICE DEPARTMENT,SAPD11253118,BEXAR,2011-10-06,1,29.40274753,-98.62671121,1,4 - PEDESTRIAN
12729484,SAN ANTONIO POLICE DEPARTMENT,SAPD11260871,BEXAR,2011-10-15,1,29.50078559,-98.39973647,1,4 - PEDESTRIAN
12346891,SAN ANTONIO POLICE DEPARTMENT,SAPD11270300,BEXAR,2011-10-26,1,29.40937899,-98.5567723,1,4 - PEDESTRIAN
12346892,SAN ANTONIO POLICE DEPARTMENT,SAPD11271202,BEXAR,2011-10-27,1,29.41780497,-98.50432231,1,4 - PEDESTRIAN
12357904,SAN ANTONIO POLICE DEPARTMENT,SAPD11274539,BEXAR,2011-10-31,1,29.43193565,-98.50096593,1,4 - PEDESTRIAN
12379154,SAN ANTONIO POLICE DEPARTMENT,SAPD11290631,BEXAR,2011-11-20,1,29.47530042,-98.58228369,1,4 - PEDESTRIAN
12423989,SAN ANTONIO POLICE DEPARTMENT,SAPD11303167,BEXAR,2011-12-07,1,29.37469444,-98.41989096,1,4 - PEDESTRIAN
12413583,SAN ANTONIO POLICE DEPARTMENT,SAPD11307442,BEXAR,2011-12-12,1,29.39735934,-98.64924184,1,4 - PEDESTRIAN
12416441,SAN ANTONIO POLICE DEPARTMENT,SAPD11306968,BEXAR,2011-12-12,1,29.45528791,-98.53920275,1,4 - PEDESTRIAN
12501522,SAN ANTONIO POLICE DEPARTMENT,SAPD11312935,BEXAR,2011-12-19,1,29.52404728,-98.60000344,1,4 - PEDESTRIAN
12440428,SAN ANTONIO POLICE DEPARTMENT,SAPD11317175,BEXAR,2011-12-26,1,29.42284645,-98.50159039,1,4 - PEDESTRIAN
12468760,SAN ANTONIO POLICE DEPARTMENT,sapd12001606,BEXAR,2012-01-03,1,No Data,No Data,1,4 - PEDESTRIAN
12483790,SAN ANTONIO POLICE DEPARTMENT,SAPD12002123,BEXAR,2012-01-03,1,29.31515085,-98.47563001,1,4 - PEDESTRIAN
12516477,SAN ANTONIO POLICE DEPARTMENT,12-013745,BEXAR,2012-01-18,1,29.44849497,-98.58541627,1,4 - PEDESTRIAN
12497361,SAN ANTONIO POLICE DEPARTMENT,SAPD12015900,BEXAR,2012-01-21,1,29.5102986,-98.38507461,1,4 - PEDESTRIAN
12512032,SAN ANTONIO POLICE DEPARTMENT,SAPD12021646,BEXAR,2012-01-28,1,29.52407508,-98.39057787,1,4 - PEDESTRIAN
12528797,SAN ANTONIO POLICE DEPARTMENT,SAPD12029805,BEXAR,2012-02-08,1,29.62251856,-98.60895996,1,4 - PEDESTRIAN
12543664,SAN ANTONIO POLICE DEPARTMENT,SAPD12031383,BEXAR,2012-02-10,1,29.40281521,-98.46326392,1,4 - PEDESTRIAN
12546196,SAN ANTONIO POLICE DEPARTMENT,SAPD12037499,BEXAR,2012-02-18,1,29.50154612,-98.54889928,1,4 - PEDESTRIAN
12564781,SAN ANTONIO POLICE DEPARTMENT,SAPD12045935,BEXAR,2012-02-29,1,29.50196483,-98.41890002,1,4 - PEDESTRIAN
12594285,SAN ANTONIO POLICE DEPARTMENT,SAPD12058291,BEXAR,2012-03-17,1,No Data,No Data,1,4 - PEDESTRIAN
12599503,SAN ANTONIO POLICE DEPARTMENT,SAPD12059977,BEXAR,2012-03-19,1,29.47091752,-98.62366426,1,4 - PEDESTRIAN
12605534,SAN ANTONIO POLICE DEPARTMENT,SAPD12064490,BEXAR,2012-03-25,1,29.40378255,-98.54678855,1,4 - PEDESTRIAN
12635605,SAN ANTONIO POLICE DEPARTMENT,SAPD12077629,BEXAR,2012-04-10,2,29.57647058,-98.40819955,1,4 - PEDESTRIAN
12635605,SAN ANTONIO POLICE DEPARTMENT,SAPD12077629,BEXAR,2012-04-10,2,29.57647058,-98.40819955,1,4 - PEDESTRIAN
12677231,SAN ANTONIO POLICE DEPARTMENT,SAPD12097555,BEXAR,2012-05-04,1,29.44863748,-98.56107463,1,4 - PEDESTRIAN
12729562,SAN ANTONIO POLICE DEPARTMENT,SAPD12113596,BEXAR,2012-05-25,1,29.32936773,-98.41586431,1,4 - PEDESTRIAN
12710409,SAN ANTONIO POLICE DEPARTMENT,SAPD12115787,BEXAR,2012-05-27,1,29.55623674,-98.51575173,1,4 - PEDESTRIAN
12712570,SAN ANTONIO POLICE DEPARTMENT,SAPD12115294,BEXAR,2012-05-27,1,29.44611552,-98.53471324,1,4 - PEDESTRIAN
12710544,SAN ANTONIO POLICE DEPARTMENT,SAPD12116636,BEXAR,2012-05-28,1,29.46950578,-98.53110279,1,4 - PEDESTRIAN
12765924,SAN ANTONIO POLICE DEPARTMENT,SAPD12144356,BEXAR,2012-07-01,1,29.40926939,-98.5567723,1,4 - PEDESTRIAN
12783512,SAN ANTONIO POLICE DEPARTMENT,SAPD12153517,BEXAR,2012-07-11,1,29.44643796,-98.49186673,1,4 - PEDESTRIAN
12808801,SAN ANTONIO POLICE DEPARTMENT,SAPD12166389,BEXAR,2012-07-27,1,29.31421476,-98.61136162,1,4 - PEDESTRIAN
12815235,SAN ANTONIO POLICE DEPARTMENT,SAPD12166364,BEXAR,2012-07-27,1,29.33873163,-98.60034299,1,4 - PEDESTRIAN
12816188,BEXAR COUNTY LAW ENFORCEMENT,2012-BCSO-028376,BEXAR,2012-07-27,1,29.50051428,-98.18778849,1,4 - PEDESTRIAN
12831369,SAN ANTONIO POLICE DEPARTMENT,SAPD12179389,BEXAR,2012-08-11,1,29.32191662,-98.47761258,1,4 - PEDESTRIAN
12888917,SAN ANTONIO POLICE DEPARTMENT,SAPD12191391,BEXAR,2012-08-24,1,29.56311686,-98.39135697,1,4 - PEDESTRIAN
12862743,SAN ANTONIO POLICE DEPARTMENT,SAPD12193782,BEXAR,2012-08-27,1,29.48408496,-98.39730475,1,4 - PEDESTRIAN
12922836,SAN ANTONIO POLICE DEPARTMENT,SAPD 12229076,BEXAR,2012-10-09,1,29.45820497,-98.51984231,1,4 - PEDESTRIAN
12924595,SAN ANTONIO POLICE DEPARTMENT,SAPD12229692,BEXAR,2012-10-09,1,29.30595093,-98.62084062,1,4 - PEDESTRIAN
12959831,SAN ANTONIO POLICE DEPARTMENT,SAPD12229661,BEXAR,2012-10-09,1,29.51030906,-98.37246757,1,4 - PEDESTRIAN
12926381,SAN ANTONIO POLICE DEPARTMENT,SAPD12230766,BEXAR,2012-10-11,1,29.40161517,-98.63228729,1,4 - PEDESTRIAN
12950375,SAN ANTONIO POLICE DEPARTMENT,SAPD12240362,BEXAR,2012-10-22,1,29.49748736,-98.55619388,1,4 - PEDESTRIAN
12947568,BEXAR COUNTY LAW ENFORCEMENT,2012-BCSO-40983,BEXAR,2012-10-24,1,No Data,No Data,1,4 - PEDESTRIAN
12971707,SAN ANTONIO POLICE DEPARTMENT,SAPD12253597,BEXAR,2012-11-07,1,29.35671658,-98.49162406,1,4 - PEDESTRIAN
12981601,SAN ANTONIO POLICE DEPARTMENT,SAPD12257472,BEXAR,2012-11-12,1,29.508941,-98.56549211,1,4 - PEDESTRIAN
12987351,SAN ANTONIO POLICE DEPARTMENT,SAPD12261276,BEXAR,2012-11-17,1,29.48426682,-98.36862505,1,4 - PEDESTRIAN
12995710,SAN ANTONIO POLICE DEPARTMENT,SAPD12264822,BEXAR,2012-11-22,1,29.4212754,-98.58549327,1,4 - PEDESTRIAN
12996116,SAN ANTONIO POLICE DEPARTMENT,SAPD12264484,BEXAR,2012-11-22,1,29.59507022,-98.57356694,1,4 - PEDESTRIAN
13006469,BEXAR COUNTY LAW ENFORCEMENT,2012-BCSO-046031,BEXAR,2012-11-29,2,29.44963639,-98.36074472,1,4 - PEDESTRIAN
13006469,BEXAR COUNTY LAW ENFORCEMENT,2012-BCSO-046031,BEXAR,2012-11-29,2,29.44963639,-98.36074472,1,4 - PEDESTRIAN
13011650,SAN ANTONIO POLICE DEPARTMENT,SAPD12273519,BEXAR,2012-12-03,1,29.45512016,-98.63404231,1,4 - PEDESTRIAN
13394693,BEXAR COUNTY LAW ENFORCEMENT,2012-BCSO-47363,BEXAR,2012-12-09,1,29.31325996,-98.7325092,1,4 - PEDESTRIAN
13029257,SAN ANTONIO POLICE DEPARTMENT,SAPD12279961,BEXAR,2012-12-12,1,29.40972462,-98.58382838,1,4 - PEDESTRIAN
13068217,SAN ANTONIO POLICE DEPARTMENT,SAPD12287438,BEXAR,2012-12-21,1,29.43405916,-98.47808809,1,4 - PEDESTRIAN
13045402,SAN ANTONIO POLICE DEPARTMENT,SAPD12289130,BEXAR,2012-12-23,1,29.44952427,-98.57056026,1,4 - PEDESTRIAN
13044640,SAN ANTONIO POLICE DEPARTMENT,SAPD12289668,BEXAR,2012-12-24,1,29.35366669,-98.50390231,1,4 - PEDESTRIAN
13044681,SAN ANTONIO POLICE DEPARTMENT,SAPD12289737,BEXAR,2012-12-24,1,29.37187504,-98.44575238,1,4 - PEDESTRIAN
13060326,SAN ANTONIO POLICE DEPARTMENT,SAPD12293104,BEXAR,2012-12-30,1,29.40333532,-98.44332389,1,4 - PEDESTRIAN
13090223,LEON VALLEY POLICE DEPARTMENT,2013-0304,BEXAR,2013-01-15,1,29.49118117,-98.61299053,1,4 - PEDESTRIAN
13095413,SAN ANTONIO POLICE DEPARTMENT,SAPD13018791,BEXAR,2013-01-25,1,29.38598112,-98.45680232,1,4 - PEDESTRIAN
13106503,SAN ANTONIO POLICE DEPARTMENT,SAPD13023672,BEXAR,2013-01-31,1,29.49650454,-98.42777505,1,4 - PEDESTRIAN
13106481,SAN ANTONIO POLICE DEPARTMENT,SAPD13024699,BEXAR,2013-02-02,1,29.52059027,-98.50511839,1,4 - PEDESTRIAN
13128221,SAN ANTONIO POLICE DEPARTMENT,SAPD13035337,BEXAR,2013-02-16,1,29.48952696,-98.57421104,1,4 - PEDESTRIAN
13138770,SAN ANTONIO POLICE DEPARTMENT,SAPD13038220,BEXAR,2013-02-19,1,29.45679171,-98.47903429,1,4 - PEDESTRIAN
13143485,SAN ANTONIO POLICE DEPARTMENT,SAPD13042345,BEXAR,2013-02-25,1,29.42601507,-98.50372072,1,4 - PEDESTRIAN
13147585,SAN ANTONIO POLICE DEPARTMENT,sapd13041987,BEXAR,2013-02-25,1,29.39775196,-98.47937633,1,4 - PEDESTRIAN
13180038,SAN ANTONIO POLICE DEPARTMENT,SAPD13051602,BEXAR,2013-03-10,1,29.427609,-98.49132231,1,4 - PEDESTRIAN
13212691,SAN ANTONIO POLICE DEPARTMENT,SAPD13056758,BEXAR,2013-03-16,2,29.42011503,-98.47150027,1,4 - PEDESTRIAN
13212691,SAN ANTONIO POLICE DEPARTMENT,SAPD13056758,BEXAR,2013-03-16,2,29.42011503,-98.47150027,1,4 - PEDESTRIAN
13183821,SAN ANTONIO POLICE DEPARTMENT,SAPD13057509,BEXAR,2013-03-18,1,29.34896,-98.50388231,1,4 - PEDESTRIAN
13200280,SAN ANTONIO POLICE DEPARTMENT,SAPD13069132,BEXAR,2013-04-01,1,29.35664312,-98.53374644,1,4 - PEDESTRIAN
13228741,SAN ANTONIO POLICE DEPARTMENT,SAPD13082823,BEXAR,2013-04-19,1,29.51368369,-98.55000313,1,4 - PEDESTRIAN
13291223,SAN ANTONIO POLICE DEPARTMENT,sapd13114021,BEXAR,2013-05-29,1,29.36600608,-98.43951002,1,4 - PEDESTRIAN
13296543,SAN ANTONIO POLICE DEPARTMENT,SAPD13117357,BEXAR,2013-06-02,1,29.49656495,-98.38589757,1,4 - PEDESTRIAN
13295155,SAN ANTONIO POLICE DEPARTMENT,SAPD13118018,BEXAR,2013-06-03,1,29.42685632,-98.501077,1,4 - PEDESTRIAN
13319094,SAN ANTONIO POLICE DEPARTMENT,SAPD13129318,BEXAR,2013-06-16,1,29.53088146,-98.5618664,1,4 - PEDESTRIAN
13336744,SAN ANTONIO POLICE DEPARTMENT,SAPD13129569,BEXAR,2013-06-17,1,29.39197924,-98.65663062,1,4 - PEDESTRIAN
13333152,SAN ANTONIO POLICE DEPARTMENT,SAPD13135112,BEXAR,2013-06-23,1,29.51301291,-98.39720857,1,4 - PEDESTRIAN
13332441,SAN ANTONIO POLICE DEPARTMENT,sapd13135277,BEXAR,2013-06-24,1,29.50842902,-98.5809215,1,4 - PEDESTRIAN
13346483,SAN ANTONIO POLICE DEPARTMENT,SAPD13139297,BEXAR,2013-06-28,1,29.48956229,-98.69141796,1,4 - PEDESTRIAN
13342697,SAN ANTONIO POLICE DEPARTMENT,SAPD13141857,BEXAR,2013-07-02,1,29.48093286,-98.35961259,1,4 - PEDESTRIAN
13344587,SAN ANTONIO POLICE DEPARTMENT,SAPD13143258,BEXAR,2013-07-03,1,29.44063497,-98.497994,1,4 - PEDESTRIAN
13369770,SAN ANTONIO POLICE DEPARTMENT,SAPD13157771,BEXAR,2013-07-21,1,29.59042047,-98.47382879,1,4 - PEDESTRIAN
13377545,BEXAR COUNTY LAW ENFORCEMENT,2013-BCSO-030910,BEXAR,2013-07-25,1,29.4704965,-98.31276607,1,4 - PEDESTRIAN
13377939,SAN ANTONIO POLICE DEPARTMENT,SAPD 13162937,BEXAR,2013-07-28,1,29.42075604,-98.47442627,1,4 - PEDESTRIAN
13416227,SAN ANTONIO POLICE DEPARTMENT,SAPD13168935,BEXAR,2013-08-05,1,29.53404857,-98.39075431,1,4 - PEDESTRIAN
13406470,SAN ANTONIO POLICE DEPARTMENT,SAPD13179374,BEXAR,2013-08-17,1,29.41828497,-98.5555823,1,4 - PEDESTRIAN
13728047,SAN ANTONIO POLICE DEPARTMENT,SAPD13179583,BEXAR,2013-08-18,1,No Data,No Data,1,4 - PEDESTRIAN
13430195,SAN ANTONIO POLICE DEPARTMENT,13192594,BEXAR,2013-09-03,1,29.42959987,-98.49968539,1,4 - PEDESTRIAN
13437855,SAN ANTONIO POLICE DEPARTMENT,SAPD13196632,BEXAR,2013-09-07,1,29.3687649,-98.4960353,1,4 - PEDESTRIAN
13444722,SAN ANTONIO POLICE DEPARTMENT,SAPD13199502,BEXAR,2013-09-11,1,No Data,No Data,1,4 - PEDESTRIAN
13458293,SAN ANTONIO POLICE DEPARTMENT,SAPD13202284,BEXAR,2013-09-14,1,29.58325296,-98.36543727,1,4 - PEDESTRIAN
13469430,SAN ANTONIO POLICE DEPARTMENT,SAPD13212371,BEXAR,2013-09-27,1,29.47533873,-98.53687008,1,4 - PEDESTRIAN
13545904,BALCONES HEIGHTS POLICE DEPARTMENT,1305392,BEXAR,2013-10-02,1,29.48882281,-98.55019203,1,4 - PEDESTRIAN
13485505,SAN ANTONIO POLICE DEPARTMENT,SAPD13221972,BEXAR,2013-10-09,1,29.4451686,-98.52493099,1,4 - PEDESTRIAN
13508871,SAN ANTONIO POLICE DEPARTMENT,SAPD13231410,BEXAR,2013-10-21,1,29.42618467,-98.51733192,1,4 - PEDESTRIAN
13513623,SAN ANTONIO POLICE DEPARTMENT,SAPD13233113,BEXAR,2013-10-23,1,29.44927658,-98.58139853,1,4 - PEDESTRIAN
13533279,SAN ANTONIO POLICE DEPARTMENT,SAPD13236051,BEXAR,2013-10-26,1,29.33716489,-98.50387898,1,4 - PEDESTRIAN
13524216,SAN ANTONIO POLICE DEPARTMENT,SAPD13240286,BEXAR,2013-10-31,1,29.55378711,-98.40313625,1,4 - PEDESTRIAN
13526132,SAN ANTONIO POLICE DEPARTMENT,SAPD13240486,BEXAR,2013-11-01,1,29.40429394,-98.52007217,1,4 - PEDESTRIAN
13537983,SAN ANTONIO POLICE DEPARTMENT,SAPD13245955,BEXAR,2013-11-07,1,29.480098,-98.5349323,1,4 - PEDESTRIAN
13576843,SAN ANTONIO POLICE DEPARTMENT,SAPD13248584,BEXAR,2013-11-11,1,29.39005782,-98.3528097,1,4 - PEDESTRIAN
13546335,SAN ANTONIO POLICE DEPARTMENT,SAPD13250020,BEXAR,2013-11-12,1,29.45738912,-98.68884078,1,4 - PEDESTRIAN
13570586,SAN ANTONIO POLICE DEPARTMENT,SAPD13259249,BEXAR,2013-11-24,1,29.37388931,-98.48128915,1,4 - PEDESTRIAN
13581796,SAN ANTONIO POLICE DEPARTMENT,SAPD13259739,BEXAR,2013-11-25,1,29.38517965,-98.47349232,1,4 - PEDESTRIAN
13596751,SAN ANTONIO POLICE DEPARTMENT,SAPD13273483,BEXAR,2013-12-14,1,29.49750045,-98.59266745,1,4 - PEDESTRIAN
13602514,SAN ANTONIO POLICE DEPARTMENT,SAPD13276479,BEXAR,2013-12-18,1,29.33258975,-98.41778185,1,4 - PEDESTRIAN
13614468,SAN ANTONIO POLICE DEPARTMENT,SAPD13282566,BEXAR,2013-12-26,1,29.34308499,-98.60256229,1,4 - PEDESTRIAN
13623468,SAN ANTONIO POLICE DEPARTMENT,SAPD13282811,BEXAR,2013-12-26,1,29.44687572,-98.5425004,1,4 - PEDESTRIAN
13625871,SAN ANTONIO POLICE DEPARTMENT,SAPD14000182,BEXAR,2014-01-01,1,29.58721413,-98.6306486,1,4 - PEDESTRIAN
13634857,BEXAR COUNTY LAW ENFORCEMENT,2014-BCSO-000844,BEXAR,2014-01-07,1,29.36281981,-98.35913201,1,4 - PEDESTRIAN
13642163,SAN ANTONIO POLICE DEPARTMENT,SAPD14010397,BEXAR,2014-01-14,1,29.51272967,-98.55276337,1,4 - PEDESTRIAN
13654493,SAN ANTONIO POLICE DEPARTMENT,SAPD14010681,BEXAR,2014-01-15,1,29.54721697,-98.52599027,1,4 - PEDESTRIAN
13658609,SAN ANTONIO POLICE DEPARTMENT,SAPD14015990,BEXAR,2014-01-21,1,29.46644559,-98.52083462,1,4 - PEDESTRIAN
13669147,SAN ANTONIO POLICE DEPARTMENT,SAPD14015901,BEXAR,2014-01-21,1,29.51488867,-98.57103638,1,4 - PEDESTRIAN
13663261,SAN ANTONIO POLICE DEPARTMENT,SAPD14021385,BEXAR,2014-01-28,1,29.45839637,-98.31864679,1,4 - PEDESTRIAN
13679790,SAN ANTONIO POLICE DEPARTMENT,SAPD14024665,BEXAR,2014-02-01,1,29.51602469,-98.42192462,1,4 - PEDESTRIAN
13671755,SAN ANTONIO POLICE DEPARTMENT,SAPD14026085,BEXAR,2014-02-04,1,29.36227293,-98.60151475,1,4 - PEDESTRIAN
13674893,SAN ANTONIO POLICE DEPARTMENT,SAPD14026682,BEXAR,2014-02-04,1,No Data,No Data,1,4 - PEDESTRIAN
13694243,SAN ANTONIO POLICE DEPARTMENT,SAPD14035848,BEXAR,2014-02-17,1,29.44398403,-98.36422568,1,4 - PEDESTRIAN
13697071,SAN ANTONIO POLICE DEPARTMENT,SAPD14036453,BEXAR,2014-02-17,1,29.52109324,-98.39561142,1,4 - PEDESTRIAN
13702174,SAN ANTONIO POLICE DEPARTMENT,SAPD14037187,BEXAR,2014-02-18,1,29.36885646,-98.60892572,1,4 - PEDESTRIAN
13725080,SAN ANTONIO POLICE DEPARTMENT,SAPD14050382,BEXAR,2014-03-07,1,29.3341051,-98.48931007,1,4 - PEDESTRIAN
13952300,CONVERSE POLICE DEPARTMENT,1400855,BEXAR,2014-03-19,1,No Data,No Data,1,4 - PEDESTRIAN
13759327,SAN ANTONIO POLICE DEPARTMENT,SAPD14060235,BEXAR,2014-03-20,1,29.31019126,-98.47403206,1,4 - PEDESTRIAN
13755147,SAN ANTONIO POLICE DEPARTMENT,SAPD14061165,BEXAR,2014-03-22,1,29.35593814,-98.44852477,1,4 - PEDESTRIAN
13759321,SAN ANTONIO POLICE DEPARTMENT,SAPD14063352,BEXAR,2014-03-24,1,29.51563713,-98.43830689,1,4 - PEDESTRIAN
13770393,SAN ANTONIO POLICE DEPARTMENT,SAPD14069898,BEXAR,2014-04-02,1,29.57784776,-98.38800952,1,4 - PEDESTRIAN
13769882,SAN ANTONIO POLICE DEPARTMENT,SAPD14071026,BEXAR,2014-04-03,1,29.43723133,-98.50436353,1,4 - PEDESTRIAN
13788099,SAN ANTONIO POLICE DEPARTMENT,SAPD14079794,BEXAR,2014-04-14,1,29.56115012,-98.36115584,1,4 - PEDESTRIAN
13868132,UNIVERSAL CITY POLICE DEPARTMENT,1400007442,BEXAR,2014-04-15,1,No Data,No Data,1,4 - PEDESTRIAN
13802908,SAN ANTONIO POLICE DEPARTMENT,SAPD14088283,BEXAR,2014-04-25,1,No Data,No Data,1,4 - PEDESTRIAN
13827956,BEXAR COUNTY LAW ENFORCEMENT,2014-BCSO-018239,BEXAR,2014-05-02,1,29.14078715,-98.48390956,1,4 - PEDESTRIAN
13818857,SAN ANTONIO POLICE DEPARTMENT,SAPD14095665,BEXAR,2014-05-04,1,No Data,No Data,1,4 - PEDESTRIAN
13839027,SAN ANTONIO POLICE DEPARTMENT,SAPD14103341,BEXAR,2014-05-13,1,29.48277462,-98.71032318,1,4 - PEDESTRIAN
13834192,SAN ANTONIO POLICE DEPARTMENT,SAPD14104184,BEXAR,2014-05-15,1,29.46579629,-98.61926513,1,4 - PEDESTRIAN
13848911,SAN ANTONIO POLICE DEPARTMENT,SAPD14110866,BEXAR,2014-05-23,1,29.42912153,-98.41478211,1,4 - PEDESTRIAN
13871256,SAN ANTONIO POLICE DEPARTMENT,SAPD14118102,BEXAR,2014-05-31,1,29.47713964,-98.36794413,1,4 - PEDESTRIAN
13868515,SAN ANTONIO POLICE DEPARTMENT,SAPD14119055,BEXAR,2014-06-02,1,29.31563687,-98.5965038,1,4 - PEDESTRIAN
13886235,SAN ANTONIO POLICE DEPARTMENT,SAPD14130331,BEXAR,2014-06-16,1,29.47684284,-98.40459226,1,4 - PEDESTRIAN
13892301,SAN ANTONIO POLICE DEPARTMENT,SAPD14132018,BEXAR,2014-06-18,1,29.41150329,-98.51072606,1,4 - PEDESTRIAN
13922021,BEXAR COUNTY LAW ENFORCEMENT,2014BCSO-0228741,BEXAR,2014-07-09,1,29.21823532,-98.41253736,1,4 - PEDESTRIAN
13928288,SAN ANTONIO POLICE DEPARTMENT,SAPD14151783,BEXAR,2014-07-12,1,29.52651622,-98.38746866,1,4 - PEDESTRIAN
13960601,SAN ANTONIO POLICE DEPARTMENT,SAPD14152630,BEXAR,2014-07-14,1,29.49180487,-98.55799247,1,4 - PEDESTRIAN
13953837,SAN ANTONIO POLICE DEPARTMENT,SAPD14167904,BEXAR,2014-08-01,1,29.50972933,-98.40854028,1,4 - PEDESTRIAN
13964133,SAN ANTONIO POLICE DEPARTMENT,SAPD14171053,BEXAR,2014-08-05,1,29.46257433,-98.39976665,1,4 - PEDESTRIAN
13963699,SAN ANTONIO POLICE DEPARTMENT,SAPD14172848,BEXAR,2014-08-08,1,29.55981155,-98.59000241,1,4 - PEDESTRIAN
13979458,SAN ANTONIO POLICE DEPARTMENT,SAPD14174450,BEXAR,2014-08-09,1,29.3648585,-98.54269548,1,4 - PEDESTRIAN
13977169,SAN ANTONIO POLICE DEPARTMENT,SAPD14181008,BEXAR,2014-08-17,1,29.42533352,-98.52729885,1,4 - PEDESTRIAN
13995960,SAN ANTONIO POLICE DEPARTMENT,SAPD14187763,BEXAR,2014-08-25,1,29.39809463,-98.64964427,1,4 - PEDESTRIAN
14005453,SAN ANTONIO POLICE DEPARTMENT,SAPD14192846,BEXAR,2014-08-31,1,29.42942588,-98.54112046,1,4 - PEDESTRIAN
14050879,SAN ANTONIO POLICE DEPARTMENT,SAPD14215172,BEXAR,2014-09-27,1,29.33590249,-98.56481065,1,4 - PEDESTRIAN
14050522,SAN ANTONIO POLICE DEPARTMENT,SAPD14217020,BEXAR,2014-09-30,1,29.37567706,-98.50427231,1,4 - PEDESTRIAN
14057319,SAN ANTONIO POLICE DEPARTMENT,SAPD14223041,BEXAR,2014-10-07,1,29.60177467,-98.43974325,1,4 - PEDESTRIAN
14073851,SAN ANTONIO POLICE DEPARTMENT,SAPD14224373,BEXAR,2014-10-08,1,29.35197687,-98.43116788,1,4 - PEDESTRIAN
14082280,SAN ANTONIO POLICE DEPARTMENT,SAPD14232164,BEXAR,2014-10-18,1,29.51620937,-98.60729341,1,4 - PEDESTRIAN
14080900,SAN ANTONIO POLICE DEPARTMENT,SAPD14233419,BEXAR,2014-10-19,1,29.34365286,-98.61789049,1,4 - PEDESTRIAN
14085019,SAN ANTONIO POLICE DEPARTMENT,SAPD14233372,BEXAR,2014-10-19,1,29.32621024,-98.49487363,1,4 - PEDESTRIAN
14102269,SAN ANTONIO POLICE DEPARTMENT,SAPD14240172,BEXAR,2014-10-27,1,29.56322406,-98.59102267,1,4 - PEDESTRIAN
14106980,SAN ANTONIO POLICE DEPARTMENT,SAPD14243644,BEXAR,2014-11-01,1,29.52046218,-98.49253581,1,4 - PEDESTRIAN
14248527,LIVE OAK POLICE DEPARTMENT,1411-0064,BEXAR,2014-11-02,1,29.5685733,-98.33244179,1,4 - PEDESTRIAN
14104937,SAN ANTONIO POLICE DEPARTMENT,SAPD14245886,BEXAR,2014-11-04,1,29.4270105,-98.52707943,1,4 - PEDESTRIAN
14145499,SAN ANTONIO POLICE DEPARTMENT,SAPD14261472,BEXAR,2014-11-24,1,29.44849768,-98.59773401,1,4 - PEDESTRIAN
14156135,BEXAR COUNTY LAW ENFORCEMENT,2014-BCSO-050187,BEXAR,2014-12-02,1,29.30785116,-98.39392932,1,4 - PEDESTRIAN
14165900,SAN ANTONIO POLICE DEPARTMENT,SAPD14272564,BEXAR,2014-12-09,1,29.42925497,-98.5385623,1,4 - PEDESTRIAN
14166868,SAN ANTONIO POLICE DEPARTMENT,SAPD14273521,BEXAR,2014-12-11,1,29.45307455,-98.54945655,1,4 - PEDESTRIAN
14169318,SAN ANTONIO POLICE DEPARTMENT,SAPD14274947,BEXAR,2014-12-12,1,29.54580122,-98.50840405,1,4 - PEDESTRIAN
14169383,SAN ANTONIO POLICE DEPARTMENT,SAPD14275183,BEXAR,2014-12-13,1,29.41307617,-98.50611484,1,4 - PEDESTRIAN
14180152,SAN ANTONIO POLICE DEPARTMENT,SAPD14278099,BEXAR,2014-12-16,1,29.58551372,-98.36219836,1,4 - PEDESTRIAN
14244290,SAN ANTONIO POLICE DEPARTMENT,SAPD15016169,BEXAR,2015-01-23,1,29.52268261,-98.41099293,1,4 - PEDESTRIAN
14248988,SAN ANTONIO POLICE DEPARTMENT,SAPD15018332,BEXAR,2015-01-26,1,29.44648673,-98.49186719,1,4 - PEDESTRIAN
14260100,SAN ANTONIO POLICE DEPARTMENT,SAPD15026196,BEXAR,2015-02-05,1,29.56321425,-98.59101967,1,4 - PEDESTRIAN
14264442,SAN ANTONIO POLICE DEPARTMENT,SAPD15028877,BEXAR,2015-02-08,1,29.44731496,-98.5470394,1,4 - PEDESTRIAN
14319268,SAN ANTONIO POLICE DEPARTMENT,SAPD15032720,BEXAR,2015-02-13,1,29.34466499,-98.50387231,1,4 - PEDESTRIAN
14275814,SAN ANTONIO POLICE DEPARTMENT,SAPD15034936,BEXAR,2015-02-16,1,29.51599959,-98.41104889,1,4 - PEDESTRIAN
14325091,SAN ANTONIO POLICE DEPARTMENT,SAPD15054112,BEXAR,2015-03-14,1,29.44580048,-98.53140891,1,4 - PEDESTRIAN
14360283,SAN ANTONIO POLICE DEPARTMENT,SAPD15065396,BEXAR,2015-03-29,1,29.46961422,-98.61562525,1,4 - PEDESTRIAN
14360345,SAN ANTONIO POLICE DEPARTMENT,SAPD15069392,BEXAR,2015-04-03,1,29.40385541,-98.46907442,1,4 - PEDESTRIAN
14399878,SAN ANTONIO POLICE DEPARTMENT,SAPD15079393,BEXAR,2015-04-16,1,29.40402398,-98.54924249,1,4 - PEDESTRIAN
14407199,SAN ANTONIO POLICE DEPARTMENT,SAPD15085381,BEXAR,2015-04-23,1,29.43700168,-98.49686926,1,4 - PEDESTRIAN
14419217,SAN ANTONIO POLICE DEPARTMENT,SAPD15086688,BEXAR,2015-04-25,1,29.62536164,-98.49498078,1,4 - PEDESTRIAN
14446959,SAN ANTONIO POLICE DEPARTMENT,SAPD15101779,BEXAR,2015-05-14,1,29.32020612,-98.50475368,1,4 - PEDESTRIAN
14448808,SAN ANTONIO POLICE DEPARTMENT,SAPD15108848,BEXAR,2015-05-22,1,29.32314844,-98.47823119,1,4 - PEDESTRIAN
14460389,SAN ANTONIO POLICE DEPARTMENT,SAPD15114214,BEXAR,2015-05-29,1,29.42709919,-98.41863294,1,4 - PEDESTRIAN
14461318,SAN ANTONIO POLICE DEPARTMENT,SAPD15115105,BEXAR,2015-05-31,1,29.43720121,-98.52585713,1,4 - PEDESTRIAN
14492556,SAN ANTONIO POLICE DEPARTMENT,SAPD15125310,BEXAR,2015-06-12,1,29.36012235,-98.53406915,1,4 - PEDESTRIAN
14588642,BEXAR COUNTY LAW ENFORCEMENT,2015-BCSO-025029,BEXAR,2015-06-23,1,No Data,No Data,1,4 - PEDESTRIAN
14514164,BEXAR COUNTY LAW ENFORCEMENT,2015-BCSO-O26380,BEXAR,2015-07-01,1,No Data,No Data,1,4 - PEDESTRIAN
14532033,SAN ANTONIO POLICE DEPARTMENT,sapd15145626,BEXAR,2015-07-08,1,29.39447622,-98.47962756,1,4 - PEDESTRIAN
14528544,SAN ANTONIO POLICE DEPARTMENT,SAPD15146471,BEXAR,2015-07-09,1,29.52688859,-98.56647866,1,4 - PEDESTRIAN
14535848,SAN ANTONIO POLICE DEPARTMENT,SAPD15146342,BEXAR,2015-07-09,1,29.3544415,-98.48126181,1,4 - PEDESTRIAN
14564691,BEXAR COUNTY LAW ENFORCEMENT,2015-BCSO-030940,BEXAR,2015-08-02,1,29.42941498,-98.73305225,1,4 - PEDESTRIAN
14577505,SAN ANTONIO POLICE DEPARTMENT,SAPD15170764,BEXAR,2015-08-09,1,No Data,No Data,1,4 - PEDESTRIAN
14629551,SAN ANTONIO POLICE DEPARTMENT,SAPD15193091,BEXAR,2015-09-07,1,29.43077808,-98.55433628,1,4 - PEDESTRIAN
14647381,SAN ANTONIO POLICE DEPARTMENT,SAPD15201679,BEXAR,2015-09-17,1,29.42626734,-98.52717667,1,4 - PEDESTRIAN
14648109,UNIVERSAL CITY POLICE DEPARTMENT,1500014944,BEXAR,2015-09-18,1,29.54690926,-98.31602252,1,4 - PEDESTRIAN
14653344,SAN ANTONIO POLICE DEPARTMENT,SAPD15203931,BEXAR,2015-09-20,1,29.44849497,-98.58819969,1,4 - PEDESTRIAN
14653491,SAN ANTONIO POLICE DEPARTMENT,SAPD15204059,BEXAR,2015-09-20,1,29.45130803,-98.63147091,1,4 - PEDESTRIAN
14678305,SAN ANTONIO POLICE DEPARTMENT,SAPD15204876,BEXAR,2015-09-21,1,29.36565907,-98.49471204,1,4 - PEDESTRIAN
14669904,SAN ANTONIO POLICE DEPARTMENT,SAPD15209767,BEXAR,2015-09-28,1,29.55428152,-98.51456932,1,4 - PEDESTRIAN
14684790,SAN ANTONIO POLICE DEPARTMENT,SAPD15212162,BEXAR,2015-10-01,1,29.42270673,-98.48313067,1,4 - PEDESTRIAN
14676203,SAN ANTONIO POLICE DEPARTMENT,SAPD15214367,BEXAR,2015-10-03,1,29.49300202,-98.52598177,1,4 - PEDESTRIAN
14697484,SAN ANTONIO POLICE DEPARTMENT,SAPD15214486,BEXAR,2015-10-04,1,29.44577036,-98.53109302,1,4 - PEDESTRIAN
14689418,SAN ANTONIO POLICE DEPARTMENT,SAPD15221308,BEXAR,2015-10-12,1,No Data,No Data,1,4 - PEDESTRIAN
14724920,SAN ANTONIO POLICE DEPARTMENT,SAPD15230382,BEXAR,2015-10-24,1,29.395304,-98.47830354,1,4 - PEDESTRIAN
14720698,SAN ANTONIO POLICE DEPARTMENT,SAPD15232244,BEXAR,2015-10-26,1,No Data,No Data,1,4 - PEDESTRIAN
14732267,SAN ANTONIO POLICE DEPARTMENT,SAPD15236347,BEXAR,2015-10-31,1,29.51381197,-98.63338073,1,4 - PEDESTRIAN
14751829,SAN ANTONIO POLICE DEPARTMENT,SAPD15236569,BEXAR,2015-11-01,1,29.42411918,-98.62666006,1,4 - PEDESTRIAN
14740301,SAN ANTONIO POLICE DEPARTMENT,SAPD15238032,BEXAR,2015-11-02,1,29.55127055,-98.35838191,1,4 - PEDESTRIAN
14789540,SAN ANTONIO POLICE DEPARTMENT,SAPD15256698,BEXAR,2015-11-27,1,29.45374998,-98.63620058,1,4 - PEDESTRIAN
14791207,SAN ANTONIO POLICE DEPARTMENT,SAPD15257030,BEXAR,2015-11-28,1,29.47291784,-98.53447097,1,4 - PEDESTRIAN
14802358,SAN ANTONIO POLICE DEPARTMENT,SAPD15257109,BEXAR,2015-11-28,1,29.43895469,-98.45524697,1,4 - PEDESTRIAN
14799246,SAN ANTONIO POLICE DEPARTMENT,SAPD15258851,BEXAR,2015-11-30,1,29.49658495,-98.38419234,1,4 - PEDESTRIAN
14801532,SAN ANTONIO POLICE DEPARTMENT,SAPD15260400,BEXAR,2015-12-03,1,29.42632679,-98.46841792,1,4 - PEDESTRIAN
14799277,SAN ANTONIO POLICE DEPARTMENT,SAPD15264041,BEXAR,2015-12-07,1,29.47918794,-98.60647165,1,4 - PEDESTRIAN
14807672,SAN ANTONIO POLICE DEPARTMENT,SAPD15268765,BEXAR,2015-12-13,1,29.43841146,-98.47181688,1,4 - PEDESTRIAN
14835361,SAN ANTONIO POLICE DEPARTMENT,SAPD15274190,BEXAR,2015-12-20,1,29.43209042,-98.52652494,1,4 - PEDESTRIAN
14827199,BEXAR COUNTY LAW ENFORCEMENT,2015-BCSO-052157,BEXAR,2015-12-21,1,29.30671103,-98.38757401,1,4 - PEDESTRIAN
14826528,SAN ANTONIO POLICE DEPARTMENT,SAPD15275829,BEXAR,2015-12-22,1,29.55230177,-98.57083547,1,4 - PEDESTRIAN
14827574,SAN ANTONIO POLICE DEPARTMENT,SAPD15275721,BEXAR,2015-12-22,1,29.40586386,-98.46124232,1,4 - PEDESTRIAN
14832474,SAN ANTONIO POLICE DEPARTMENT,SAPD15279806,BEXAR,2015-12-28,1,29.48760185,-98.58555888,1,4 - PEDESTRIAN
14873474,SAN ANTONIO POLICE DEPARTMENT,SAPD16000166,BEXAR,2016-01-01,1,29.39617487,-98.50870811,1,4 - PEDESTRIAN
14855362,SAN ANTONIO POLICE DEPARTMENT,SAPD16001936,BEXAR,2016-01-03,1,29.40682498,-98.52970231,1,4 - PEDESTRIAN
14858409,SAN ANTONIO POLICE DEPARTMENT,SAPD16005101,BEXAR,2016-01-07,1,29.4248423,-98.49274592,1,4 - PEDESTRIAN
14875876,SAN ANTONIO POLICE DEPARTMENT,SAPD16013494,BEXAR,2016-01-19,1,No Data,No Data,1,4 - PEDESTRIAN
14872460,BEXAR COUNTY LAW ENFORCEMENT,2016-BCSO-003017,BEXAR,2016-01-21,1,29.73496844,-98.68315931,1,4 - PEDESTRIAN
14879151,SAN ANTONIO POLICE DEPARTMENT,SAPD16016462,BEXAR,2016-01-22,1,29.50414074,-98.56143976,1,4 - PEDESTRIAN
14893448,SAN ANTONIO POLICE DEPARTMENT,SAPD16019539,BEXAR,2016-01-27,1,29.5833998,-98.6393664,1,4 - PEDESTRIAN
14897283,SAN ANTONIO POLICE DEPARTMENT,SAPD16020983,BEXAR,2016-01-28,1,29.49077402,-98.44007268,1,4 - PEDESTRIAN
14896361,BEXAR COUNTY LAW ENFORCEMENT,2016-BCSO-005002,BEXAR,2016-02-02,1,29.29566271,-98.38564251,1,4 - PEDESTRIAN
14934947,SAN ANTONIO POLICE DEPARTMENT,SAPD16037820,BEXAR,2016-02-20,1,29.50252319,-98.49922768,1,4 - PEDESTRIAN
14932042,SAN ANTONIO POLICE DEPARTMENT,SAPD16038964,BEXAR,2016-02-21,1,29.42818123,-98.56955754,1,4 - PEDESTRIAN
14938410,SAN ANTONIO POLICE DEPARTMENT,SAPD16040626,BEXAR,2016-02-23,1,29.50815908,-98.49928125,1,4 - PEDESTRIAN
14966253,SAN ANTONIO POLICE DEPARTMENT,SAPD16049314,BEXAR,2016-03-06,1,29.37085911,-98.53404231,1,4 - PEDESTRIAN
14966255,SAN ANTONIO POLICE DEPARTMENT,SAPD16049232,BEXAR,2016-03-06,1,29.35425042,-98.4777737,1,4 - PEDESTRIAN
14963587,BEXAR COUNTY LAW ENFORCEMENT,2016-BCSO-010791,BEXAR,2016-03-10,1,29.63045872,-98.65372983,1,4 - PEDESTRIAN
14965202,SAN ANTONIO POLICE DEPARTMENT,SAPD16053837,BEXAR,2016-03-11,1,29.51047323,-98.40753675,1,4 - PEDESTRIAN
14983963,SAN ANTONIO POLICE DEPARTMENT,SAPD16053868,BEXAR,2016-03-11,1,29.50238613,-98.49922634,1,4 - PEDESTRIAN
14981006,SAN ANTONIO POLICE DEPARTMENT,SAPD16056692,BEXAR,2016-03-15,1,29.51030453,-98.37701233,1,4 - PEDESTRIAN
14990106,SAN ANTONIO POLICE DEPARTMENT,SAPD16062857,BEXAR,2016-03-24,1,29.53779496,-98.54991216,1,4 - PEDESTRIAN
15149843,LEON VALLEY POLICE DEPARTMENT,,BEXAR,2016-03-25,1,29.48266695,-98.60024226,1,4 - PEDESTRIAN
14999451,SAN ANTONIO POLICE DEPARTMENT,SAPD16066559,BEXAR,2016-03-29,1,29.50572387,-98.62793974,1,4 - PEDESTRIAN
15019246,SAN ANTONIO POLICE DEPARTMENT,SAPD16067421,BEXAR,2016-03-30,1,29.50683295,-98.41247586,1,4 - PEDESTRIAN
15040504,SAN ANTONIO POLICE DEPARTMENT,SAPD16073819,BEXAR,2016-04-07,1,29.53972495,-98.5156723,1,4 - PEDESTRIAN
15026713,SAN ANTONIO POLICE DEPARTMENT,SAPD16074861,BEXAR,2016-04-08,1,29.52540885,-98.49613674,1,4 - PEDESTRIAN
15052678,SAN ANTONIO POLICE DEPARTMENT,SAPD16089372,BEXAR,2016-04-26,1,29.40270395,-98.40756673,1,4 - PEDESTRIAN
15069933,SAN ANTONIO POLICE DEPARTMENT,SAPD16092896,BEXAR,2016-05-01,1,29.38029805,-98.64140145,1,4 - PEDESTRIAN
15094816,SAN ANTONIO POLICE DEPARTMENT,SAPD16095679,BEXAR,2016-05-04,1,29.35030447,-98.43506389,1,4 - PEDESTRIAN
15094826,SAN ANTONIO POLICE DEPARTMENT,SAPD16098864,BEXAR,2016-05-08,1,29.45482114,-98.68751093,1,4 - PEDESTRIAN
15148452,SAN ANTONIO POLICE DEPARTMENT,SAPD16120600,BEXAR,2016-06-06,1,29.48407543,-98.40143935,1,4 - PEDESTRIAN
15157597,SAN ANTONIO POLICE DEPARTMENT,SAPD16125479,BEXAR,2016-06-11,1,29.60612374,-98.45755903,1,4 - PEDESTRIAN
15170926,SAN ANTONIO POLICE DEPARTMENT,SAPD16125715,BEXAR,2016-06-12,1,29.36720983,-98.37864715,1,4 - PEDESTRIAN
15183386,SAN ANTONIO POLICE DEPARTMENT,SAPD16130595,BEXAR,2016-06-18,1,29.40204922,-98.51180341,1,4 - PEDESTRIAN
15184437,SAN ANTONIO POLICE DEPARTMENT,SAPD16132518,BEXAR,2016-06-21,1,29.36072909,-98.63277505,1,4 - PEDESTRIAN
15183873,SAN ANTONIO POLICE DEPARTMENT,SAPD16138628,BEXAR,2016-06-28,1,29.31700788,-98.47622886,1,4 - PEDESTRIAN
15194422,SAN ANTONIO POLICE DEPARTMENT,SAPD16144218,BEXAR,2016-07-06,1,29.33940677,-98.42322449,1,4 - PEDESTRIAN
15211675,SAN ANTONIO POLICE DEPARTMENT,SAPD16151904,BEXAR,2016-07-16,2,29.48150019,-98.52600274,1,4 - PEDESTRIAN
15215101,SAN ANTONIO POLICE DEPARTMENT,SAPD16151862,BEXAR,2016-07-16,1,29.53904346,-98.38071512,1,4 - PEDESTRIAN
15232870,SAN ANTONIO POLICE DEPARTMENT,SAPD16160961,BEXAR,2016-07-28,1,29.40200045,-98.5118058,1,4 - PEDESTRIAN
15236004,SAN ANTONIO POLICE DEPARTMENT,SAPD16162700,BEXAR,2016-07-30,1,29.49636101,-98.42808257,1,4 - PEDESTRIAN
15256055,SAN ANTONIO POLICE DEPARTMENT,SAPD16170397,BEXAR,2016-08-08,1,29.54823141,-98.51011274,1,4 - PEDESTRIAN
15257977,SAN ANTONIO POLICE DEPARTMENT,SAPD16172073,BEXAR,2016-08-10,1,29.44936933,-98.56885592,1,4 - PEDESTRIAN
15265039,SAN ANTONIO POLICE DEPARTMENT,SAPD16175179,BEXAR,2016-08-15,1,29.44657221,-98.67335245,1,4 - PEDESTRIAN
15289807,SAN ANTONIO POLICE DEPARTMENT,SAPD16179829,BEXAR,2016-08-20,1,29.3980578,-98.43268228,1,4 - PEDESTRIAN
15298386,SAN ANTONIO POLICE DEPARTMENT,SAPD16184644,BEXAR,2016-08-26,1,29.51103928,-98.56732662,1,4 - PEDESTRIAN
15289732,SAN ANTONIO POLICE DEPARTMENT,SAPD16184890,BEXAR,2016-08-27,1,29.44776574,-98.55187178,1,4 - PEDESTRIAN
15316256,SAN ANTONIO POLICE DEPARTMENT,SAPD16186476,BEXAR,2016-08-29,1,29.43008192,-98.50332566,1,4 - PEDESTRIAN
15331405,SAN ANTONIO POLICE DEPARTMENT,SAPD16203395,BEXAR,2016-09-19,1,29.39657319,-98.54074516,1,4 - PEDESTRIAN
15334768,SAN ANTONIO POLICE DEPARTMENT,SAPD16203330,BEXAR,2016-09-19,1,29.40159943,-98.45459485,1,4 - PEDESTRIAN
15345193,SAN ANTONIO POLICE DEPARTMENT,SAPD16206430,BEXAR,2016-09-22,1,29.3610216,-98.39840284,1,4 - PEDESTRIAN
15363615,SAN ANTONIO POLICE DEPARTMENT,SAPD16211925,BEXAR,2016-09-29,1,29.50648961,-98.49928231,1,4 - PEDESTRIAN
15349383,SAN ANTONIO POLICE DEPARTMENT,SAPD16212352,BEXAR,2016-09-30,1,29.50810436,-98.4776739,1,4 - PEDESTRIAN
15350149,SAN ANTONIO POLICE DEPARTMENT,SAPD16213684,BEXAR,2016-10-01,1,29.4708271,-98.65131191,1,4 - PEDESTRIAN
15372913,SAN ANTONIO POLICE DEPARTMENT,SAPD16222493,BEXAR,2016-10-12,1,29.43325099,-98.52633287,1,4 - PEDESTRIAN
15425811,CASTLE HILLS POLICE DEPARTMENT,TA-16-0469,BEXAR,2016-10-24,1,29.52064076,-98.50855454,1,4 - PEDESTRIAN
15408950,SAN ANTONIO POLICE DEPARTMENT,SAPD16233044,BEXAR,2016-10-25,1,No Data,No Data,1,4 - PEDESTRIAN
15399586,SAN ANTONIO POLICE DEPARTMENT,SAPD16233926,BEXAR,2016-10-26,1,29.5346817,-98.40276623,1,4 - PEDESTRIAN
15424632,SAN ANTONIO POLICE DEPARTMENT,SAPD16241579,BEXAR,2016-11-05,1,29.37059498,-98.48737301,1,4 - PEDESTRIAN
15419659,SAN ANTONIO POLICE DEPARTMENT,SAPD16242987,BEXAR,2016-11-06,1,29.39723922,-98.45673232,1,4 - PEDESTRIAN
15458481,SAN ANTONIO POLICE DEPARTMENT,SAPD16257396,BEXAR,2016-11-25,1,29.45958416,-98.63908431,1,4 - PEDESTRIAN
15468249,SAN ANTONIO POLICE DEPARTMENT,SAPD16263689,BEXAR,2016-12-04,1,29.65926744,-98.62708274,1,4 - PEDESTRIAN
15485411,SAN ANTONIO POLICE DEPARTMENT,SAPD16269509,BEXAR,2016-12-11,1,29.41535062,-98.5594061,1,4 - PEDESTRIAN
15485523,SAN ANTONIO POLICE DEPARTMENT,SAPD16269924,BEXAR,2016-12-12,1,No Data,No Data,1,4 - PEDESTRIAN
15489850,SAN ANTONIO POLICE DEPARTMENT,SAPD16270429,BEXAR,2016-12-12,1,No Data,No Data,1,4 - PEDESTRIAN
15503556,SAN ANTONIO POLICE DEPARTMENT,SAPD16272824,BEXAR,2016-12-15,1,29.4468963,-98.54272157,1,4 - PEDESTRIAN
15497778,SAN ANTONIO POLICE DEPARTMENT,SAPD16275163,BEXAR,2016-12-18,1,29.52365964,-98.56972761,1,4 - PEDESTRIAN
15503554,SAN ANTONIO POLICE DEPARTMENT,SAPD16274665,BEXAR,2016-12-18,1,29.39758689,-98.64958356,1,4 - PEDESTRIAN
15500190,SAN ANTONIO POLICE DEPARTMENT,SAPD16275897,BEXAR,2016-12-19,1,29.44150628,-98.43870049,1,4 - PEDESTRIAN
15553068,SAN ANTONIO POLICE DEPARTMENT,SAPD16277696,BEXAR,2016-12-22,1,29.54032004,-98.36997612,1,4 - PEDESTRIAN
15506586,SAN ANTONIO POLICE DEPARTMENT,SAPD16280296,BEXAR,2016-12-25,1,29.52675294,-98.5666143,1,4 - PEDESTRIAN
15507609,SAN ANTONIO POLICE DEPARTMENT,SAPD16280384,BEXAR,2016-12-25,1,29.42914693,-98.56746755,1,4 - PEDESTRIAN
15507182,SAN ANTONIO POLICE DEPARTMENT,SAPD16280661,BEXAR,2016-12-26,1,29.5775973,-98.49957596,1,4 - PEDESTRIAN
15512273,SAN ANTONIO POLICE DEPARTMENT,SAPD16282019,BEXAR,2016-12-28,1,29.52046488,-98.57983763,1,4 - PEDESTRIAN
15520237,SAN ANTONIO POLICE DEPARTMENT,SAPD17001348,BEXAR,2017-01-02,1,29.41973089,-98.52910533,1,4 - PEDESTRIAN
15541944,BALCONES HEIGHTS POLICE DEPARTMENT,1700430,BEXAR,2017-01-10,1,29.48681197,-98.54825641,1,4 - PEDESTRIAN
15554209,SAN ANTONIO POLICE DEPARTMENT,SAPD17017571,BEXAR,2017-01-23,1,29.57245538,-98.59380512,1,4 - PEDESTRIAN
15583535,BEXAR COUNTY LAW ENFORCEMENT,2017-BCSO-006306,BEXAR,2017-02-11,1,29.53845208,-98.7024987,1,4 - PEDESTRIAN
15620901,BEXAR COUNTY LAW ENFORCEMENT,2017-BCSO-007951,BEXAR,2017-02-22,1,29.38257728,-98.32390034,1,4 - PEDESTRIAN
15605944,SAN ANTONIO POLICE DEPARTMENT,SAPD17043126,BEXAR,2017-02-23,1,29.42562698,-98.4055662,1,4 - PEDESTRIAN
15659176,SAN ANTONIO POLICE DEPARTMENT,SAPD17055642,BEXAR,2017-03-12,1,29.53421929,-98.49506584,1,4 - PEDESTRIAN
15648143,SAN ANTONIO POLICE DEPARTMENT,SAPD17057531,BEXAR,2017-03-14,1,29.52861077,-98.49785992,1,4 - PEDESTRIAN
15702250,SAN ANTONIO POLICE DEPARTMENT,SAPD17070837,BEXAR,2017-03-31,1,29.62041739,-98.50584714,1,4 - PEDESTRIAN
15680869,SAN ANTONIO POLICE DEPARTMENT,SAPD17071276,BEXAR,2017-04-01,1,29.50173802,-98.41918263,1,4 - PEDESTRIAN
15728003,SAN ANTONIO POLICE DEPARTMENT,SAPD17090337,BEXAR,2017-04-24,1,29.44328666,-98.49932704,1,4 - PEDESTRIAN
15792021,SAN ANTONIO POLICE DEPARTMENT,SAPD17117443,BEXAR,2017-05-28,1,29.39208807,-98.64771004,1,4 - PEDESTRIAN
15842106,SAN ANTONIO POLICE DEPARTMENT,SAPD17145970,BEXAR,2017-07-02,1,29.46476647,-98.56495076,1,4 - PEDESTRIAN
15870518,SAN ANTONIO POLICE DEPARTMENT,SAPD17147432,BEXAR,2017-07-04,1,29.57308494,-98.37190234,1,4 - PEDESTRIAN
16000653,LEON VALLEY POLICE DEPARTMENT,201706047,BEXAR,2017-07-20,1,29.48731782,-98.60218185,1,4 - PEDESTRIAN
15887072,SAN ANTONIO POLICE DEPARTMENT,SAPD17165515,BEXAR,2017-07-27,1,29.50908026,-98.40945235,1,4 - PEDESTRIAN
15899800,SAN ANTONIO POLICE DEPARTMENT,SAPD17172090,BEXAR,2017-08-04,1,29.37129282,-98.4547955,1,4 - PEDESTRIAN
15909391,SAN ANTONIO POLICE DEPARTMENT,SAPD17171412,BEXAR,2017-08-04,1,29.32543325,-98.5523123,1,4 - PEDESTRIAN
15899793,SAN ANTONIO POLICE DEPARTMENT,SAPD17172842,BEXAR,2017-08-05,1,29.53131459,-98.6444256,1,4 - PEDESTRIAN
15920320,SAN ANTONIO POLICE DEPARTMENT,SAPD17182468,BEXAR,2017-08-17,1,29.51046606,-98.49927231,1,4 - PEDESTRIAN
15929001,SAN ANTONIO POLICE DEPARTMENT,SAPD17185777,BEXAR,2017-08-22,1,29.51078495,-98.46620232,1,4 - PEDESTRIAN
15933948,SAN ANTONIO POLICE DEPARTMENT,SAPD17188990,BEXAR,2017-08-26,1,29.45325608,-98.62987147,1,4 - PEDESTRIAN
15943057,SAN ANTONIO POLICE DEPARTMENT,SAPD17193616,BEXAR,2017-09-01,1,29.58978412,-98.60800289,1,4 - PEDESTRIAN
15953010,SAN ANTONIO POLICE DEPARTMENT,SAPD17196339,BEXAR,2017-09-05,1,29.43337824,-98.58752229,1,4 - PEDESTRIAN
15990335,SAN ANTONIO POLICE DEPARTMENT,SAPD17198699,BEXAR,2017-09-07,1,29.44550053,-98.35949123,1,4 - PEDESTRIAN
15983990,SAN ANTONIO POLICE DEPARTMENT,SAPD17201059,BEXAR,2017-09-11,1,29.53279353,-98.49628776,1,4 - PEDESTRIAN
15983984,SAN ANTONIO POLICE DEPARTMENT,SAPD17203504,BEXAR,2017-09-13,1,29.52437744,-98.41101692,1,4 - PEDESTRIAN
15970959,SAN ANTONIO POLICE DEPARTMENT,SAPD17206564,BEXAR,2017-09-17,1,29.55358232,-98.40343155,1,4 - PEDESTRIAN
15983994,SAN ANTONIO POLICE DEPARTMENT,SAPD17206563,BEXAR,2017-09-17,1,29.48041583,-98.36064103,1,4 - PEDESTRIAN
15981504,SAN ANTONIO POLICE DEPARTMENT,SAPD17212186,BEXAR,2017-09-24,1,29.4915675,-98.43831099,1,4 - PEDESTRIAN
15992198,SAN ANTONIO POLICE DEPARTMENT,SAPD17215547,BEXAR,2017-09-29,1,29.46646496,-98.50146231,1,4 - PEDESTRIAN
16000966,BEXAR COUNTY LAW ENFORCEMENT,2017-BCSO-04606,BEXAR,2017-10-03,1,29.46768,-98.35941235,1,4 - PEDESTRIAN
16003713,SAN ANTONIO POLICE DEPARTMENT,SAPD17220800,BEXAR,2017-10-05,1,29.44517089,-98.52495044,1,4 - PEDESTRIAN
16036011,SAN ANTONIO POLICE DEPARTMENT,SAPD17234159,BEXAR,2017-10-22,1,29.43437852,-98.51009321,1,4 - PEDESTRIAN
16051925,SAN ANTONIO POLICE DEPARTMENT,SAPD17238896,BEXAR,2017-10-28,1,29.41994497,-98.5394523,1,4 - PEDESTRIAN
16054619,SAN ANTONIO POLICE DEPARTMENT,SAPD17240540,BEXAR,2017-10-30,1,29.51043621,-98.48221565,1,4 - PEDESTRIAN
16057247,SAN ANTONIO POLICE DEPARTMENT,SAPD17242161,BEXAR,2017-11-01,1,29.40059847,-98.6363706,1,4 - PEDESTRIAN
16061159,SAN ANTONIO POLICE DEPARTMENT,SAPD17244642,BEXAR,2017-11-04,1,29.41427497,-98.42681939,1,4 - PEDESTRIAN
16076265,SAN ANTONIO POLICE DEPARTMENT,SAPD17246947,BEXAR,2017-11-07,1,29.36396736,-98.53404231,1,4 - PEDESTRIAN
16074258,SAN ANTONIO POLICE DEPARTMENT,SAPD17247244,BEXAR,2017-11-08,1,29.41175111,-98.64964093,1,4 - PEDESTRIAN
16092452,SAN ANTONIO POLICE DEPARTMENT,SAPD17247869,BEXAR,2017-11-08,1,29.55312495,-98.57622238,1,4 - PEDESTRIAN
16072111,SAN ANTONIO POLICE DEPARTMENT,SAPD17248639,BEXAR,2017-11-09,1,29.51076581,-98.56708703,1,4 - PEDESTRIAN
16072173,SAN ANTONIO POLICE DEPARTMENT,SAPD17248538,BEXAR,2017-11-09,1,29.47246292,-98.53401026,1,4 - PEDESTRIAN
16086935,SAN ANTONIO POLICE DEPARTMENT,SAPD17249859,BEXAR,2017-11-10,1,29.42422559,-98.45102349,1,4 - PEDESTRIAN
16089528,SAN ANTONIO POLICE DEPARTMENT,SAPD17254050,BEXAR,2017-11-16,1,29.40259794,-98.62750174,1,4 - PEDESTRIAN
16090142,SAN ANTONIO POLICE DEPARTMENT,SAPD17254407,BEXAR,2017-11-17,1,29.48022859,-98.36104402,1,4 - PEDESTRIAN
16117560,SAN ANTONIO POLICE DEPARTMENT,SAPD17265579,BEXAR,2017-12-02,1,29.37140498,-98.53404231,1,4 - PEDESTRIAN
16141631,SAN ANTONIO POLICE DEPARTMENT,SAPD17274372,BEXAR,2017-12-13,1,29.44849497,-98.58895309,1,4 - PEDESTRIAN
16162344,SAN ANTONIO POLICE DEPARTMENT,SAPD17277970,BEXAR,2017-12-18,1,29.39186063,-98.44713422,1,4 - PEDESTRIAN
16158888,SAN ANTONIO POLICE DEPARTMENT,SAPD17280176,BEXAR,2017-12-21,1,29.47417496,-98.51271743,1,4 - PEDESTRIAN
16160168,SAN ANTONIO POLICE DEPARTMENT,SAPD17281687,BEXAR,2017-12-23,1,29.37375201,-98.51514313,1,4 - PEDESTRIAN
16195403,BEXAR COUNTY LAW ENFORCEMENT,2018-BCSO-000984,BEXAR,2018-01-08,1,29.2711178,-98.46177965,1,4 - PEDESTRIAN
16196401,SAN ANTONIO POLICE DEPARTMENT,SAPD18008346,BEXAR,2018-01-12,1,29.49083926,-98.43986641,1,4 - PEDESTRIAN
16203882,SAN ANTONIO POLICE DEPARTMENT,SAPD18007646,BEXAR,2018-01-12,1,29.5894082,-98.61120873,1,4 - PEDESTRIAN
16217652,SAN ANTONIO POLICE DEPARTMENT,SAPD18017016,BEXAR,2018-01-25,1,29.52873417,-98.43309454,1,4 - PEDESTRIAN
16243082,SAN ANTONIO POLICE DEPARTMENT,SAPD18023807,BEXAR,2018-02-03,1,29.36442761,-98.4462521,1,4 - PEDESTRIAN
16231211,SAN ANTONIO POLICE DEPARTMENT,SAPD18024421,BEXAR,2018-02-04,1,No Data,No Data,1,4 - PEDESTRIAN
16242512,UNIVERSAL CITY POLICE DEPARTMENT,1800002447,BEXAR,2018-02-05,1,29.55119219,-98.32090105,1,4 - PEDESTRIAN
16241292,SAN ANTONIO POLICE DEPARTMENT,SAPD18027527,BEXAR,2018-02-09,1,29.4465277,-98.53897772,1,4 - PEDESTRIAN
16260988,BEXAR COUNTY LAW ENFORCEMENT,2018-BCSO-006367,BEXAR,2018-02-16,1,29.3947818,-98.62416119,1,4 - PEDESTRIAN
16260993,SAN ANTONIO POLICE DEPARTMENT,SAPD18036366,BEXAR,2018-02-20,1,29.32542352,-98.55176661,1,4 - PEDESTRIAN
16271488,SAN ANTONIO POLICE DEPARTMENT,SAPD18038744,BEXAR,2018-02-23,1,29.32728437,-98.42078936,1,4 - PEDESTRIAN
16281787,HELOTES POLICE DEPARTMENT,18-00604,BEXAR,2018-03-03,1,29.56380322,-98.69521299,1,4 - PEDESTRIAN
16319355,SAN ANTONIO POLICE DEPARTMENT,SAPD18046120,BEXAR,2018-03-05,1,29.47717456,-98.36786667,1,4 - PEDESTRIAN
16300873,SAN ANTONIO POLICE DEPARTMENT,SAPD18053700,BEXAR,2018-03-16,1,29.40396685,-98.54872841,1,4 - PEDESTRIAN
16313656,SAN ANTONIO POLICE DEPARTMENT,SAPD18059146,BEXAR,2018-03-22,1,29.55341665,-98.40367044,1,4 - PEDESTRIAN
16330381,BALCONES HEIGHTS POLICE DEPARTMENT,1804464,BEXAR,2018-03-28,1,29.48337496,-98.5556523,1,4 - PEDESTRIAN
16375720,SAN ANTONIO POLICE DEPARTMENT,SAPD18084690,BEXAR,2018-04-24,1,29.46149113,-98.41054236,1,4 - PEDESTRIAN
16388690,SAN ANTONIO POLICE DEPARTMENT,SAPD18088275,BEXAR,2018-04-28,1,29.47699017,-98.53849324,1,4 - PEDESTRIAN
16395950,SAN ANTONIO POLICE DEPARTMENT,SAPD18093786,BEXAR,2018-05-06,1,29.35668811,-98.50754698,1,4 - PEDESTRIAN
16408033,SAN ANTONIO POLICE DEPARTMENT,SAPD18100555,BEXAR,2018-05-14,1,29.3711385,-98.6367893,1,4 - PEDESTRIAN
16420864,SAN ANTONIO POLICE DEPARTMENT,SAPD18106056,BEXAR,2018-05-21,1,29.48335202,-98.49926094,1,4 - PEDESTRIAN
16431574,BEXAR COUNTY LAW ENFORCEMENT,2018-BCSO-020142,BEXAR,2018-05-22,1,29.31293515,-98.3989176,1,4 - PEDESTRIAN
16427966,FAIR OAKS RANCH POLICE DEPARTMENT,18-0191,BEXAR,2018-05-23,1,No Data,No Data,1,4 - PEDESTRIAN
16430175,SAN ANTONIO POLICE DEPARTMENT,SAPD18109363,BEXAR,2018-05-25,1,29.4787731,-98.3597938,1,4 - PEDESTRIAN
16443049,SAN ANTONIO POLICE DEPARTMENT,SAPD18109319,BEXAR,2018-05-25,1,29.41974231,-98.52923053,1,4 - PEDESTRIAN
16439968,SAN ANTONIO POLICE DEPARTMENT,SAPD18110765,BEXAR,2018-05-27,1,29.44851926,-98.58434657,1,4 - PEDESTRIAN
16444032,SAN ANTONIO POLICE DEPARTMENT,SAPD18110306,BEXAR,2018-05-27,1,29.42506497,-98.49373231,1,4 - PEDESTRIAN
16449833,SAN ANTONIO POLICE DEPARTMENT,SAPD18114040,BEXAR,2018-05-31,1,29.35128965,-98.46241457,1,4 - PEDESTRIAN
16495711,SAN ANTONIO POLICE DEPARTMENT,SAPD18128400,BEXAR,2018-06-18,1,29.4469584,-98.54140148,1,4 - PEDESTRIAN
16496522,SAN ANTONIO POLICE DEPARTMENT,SAPD18128470,BEXAR,2018-06-19,1,29.43904292,-98.45459159,1,4 - PEDESTRIAN
16495562,CONVERSE POLICE DEPARTMENT,18-02157,BEXAR,2018-06-23,1,29.50212552,-98.28857979,1,4 - PEDESTRIAN
16484323,SAN ANTONIO POLICE DEPARTMENT,SAPD18132938,BEXAR,2018-06-24,1,No Data,No Data,1,4 - PEDESTRIAN
16496524,SAN ANTONIO POLICE DEPARTMENT,SAPD18134675,BEXAR,2018-06-27,1,29.45505318,-98.55206627,1,4 - PEDESTRIAN
16505995,BEXAR COUNTY LAW ENFORCEMENT,2018-BCSO-026891,BEXAR,2018-07-07,1,29.2833158,-98.339814,1,4 - PEDESTRIAN
16518712,SAN ANTONIO POLICE DEPARTMENT,SAPD18143979,BEXAR,2018-07-08,1,29.5593325,-98.66073146,1,4 - PEDESTRIAN
16516182,SAN ANTONIO POLICE DEPARTMENT,SAPD18147046,BEXAR,2018-07-12,1,29.46371031,-98.64371704,1,4 - PEDESTRIAN
16529609,SAN ANTONIO POLICE DEPARTMENT,SAPD18148864,BEXAR,2018-07-15,1,29.50250496,-98.58141229,1,4 - PEDESTRIAN
16551242,SAN ANTONIO POLICE DEPARTMENT,SAPD18152670,BEXAR,2018-07-20,1,29.44970777,-98.57240361,1,4 - PEDESTRIAN
16545699,SAN ANTONIO POLICE DEPARTMENT,SAPD18161087,BEXAR,2018-07-31,1,29.54478473,-98.52940679,1,4 - PEDESTRIAN
16549215,SAN ANTONIO POLICE DEPARTMENT,SAPD18162572,BEXAR,2018-08-01,1,29.43083497,-98.51281231,1,4 - PEDESTRIAN
16562168,BEXAR COUNTY LAW ENFORCEMENT,2018-BCSO-030893,BEXAR,2018-08-03,1,29.5101864,-98.72429302,1,4 - PEDESTRIAN
16566445,SAN ANTONIO POLICE DEPARTMENT,SAPD18165046,BEXAR,2018-08-05,1,29.43414687,-98.4973801,1,4 - PEDESTRIAN
16560545,SAN ANTONIO POLICE DEPARTMENT,SAPD18168128,BEXAR,2018-08-08,1,29.4299609,-98.56655341,1,4 - PEDESTRIAN
16597058,BEXAR COUNTY LAW ENFORCEMENT,2018-BCSO-034918,BEXAR,2018-08-29,1,29.3759107,-98.73243095,1,4 - PEDESTRIAN
16624149,SAN ANTONIO POLICE DEPARTMENT,SAPD18194451,BEXAR,2018-09-11,1,29.52350491,-98.41100543,1,4 - PEDESTRIAN
16634553,SAN ANTONIO POLICE DEPARTMENT,SAPD18194803,BEXAR,2018-09-12,1,29.35191485,-98.45773502,1,4 - PEDESTRIAN
16642609,SAN ANTONIO POLICE DEPARTMENT,SAPD18200758,BEXAR,2018-09-20,1,29.53085495,-98.61742228,1,4 - PEDESTRIAN
16643315,SAN ANTONIO POLICE DEPARTMENT,SAPD18202040,BEXAR,2018-09-21,1,29.47520534,-98.50785231,1,4 - PEDESTRIAN
16653534,SAN ANTONIO POLICE DEPARTMENT,SAPD18203701,BEXAR,2018-09-24,1,29.42987901,-98.56567562,1,4 - PEDESTRIAN
16694286,SAN ANTONIO POLICE DEPARTMENT,SAPD18220825,BEXAR,2018-10-16,1,29.51028547,-98.53880218,1,4 - PEDESTRIAN
16687633,SAN ANTONIO POLICE DEPARTMENT,SAPD18221443,BEXAR,2018-10-17,1,29.35671776,-98.49096232,1,4 - PEDESTRIAN
16731648,SAN ANTONIO POLICE DEPARTMENT,SAPD18229538,BEXAR,2018-10-29,1,29.51604618,-98.44719373,1,4 - PEDESTRIAN
16738535,SAN ANTONIO POLICE DEPARTMENT,SAPD18241315,BEXAR,2018-11-13,1,29.46855496,-98.50879516,1,4 - PEDESTRIAN
16813297,SAN ANTONIO POLICE DEPARTMENT,SAPD18250136,BEXAR,2018-11-26,1,29.42495195,-98.48969178,1,4 - PEDESTRIAN
16764744,SAN ANTONIO POLICE DEPARTMENT,SAPD18251833,BEXAR,2018-11-28,1,29.40687845,-98.57966852,1,4 - PEDESTRIAN
16808639,SAN ANTONIO POLICE DEPARTMENT,SAPD18251806,BEXAR,2018-11-28,1,29.53967384,-98.58387256,1,4 - PEDESTRIAN
16768903,SAN ANTONIO POLICE DEPARTMENT,SAPD18253987,BEXAR,2018-12-01,1,29.5067167,-98.39851204,1,4 - PEDESTRIAN
16811039,SAN ANTONIO POLICE DEPARTMENT,SAPD18268234,BEXAR,2018-12-20,1,29.36801185,-98.53999633,1,4 - PEDESTRIAN
16810234,SAN ANTONIO POLICE DEPARTMENT,SAPD18268827,BEXAR,2018-12-21,1,No Data,No Data,1,4 - PEDESTRIAN
16812621,SAN ANTONIO POLICE DEPARTMENT,SAPD18270018,BEXAR,2018-12-22,1,No Data,No Data,1,4 - PEDESTRIAN
16828015,SAN ANTONIO POLICE DEPARTMENT,SAPD19001248,BEXAR,2019-01-01,1,29.32015821,-98.5183787,1,4 - PEDESTRIAN
16827347,LEON VALLEY POLICE DEPARTMENT,201900007,BEXAR,2019-01-02,1,29.48068426,-98.5949708,1,4 - PEDESTRIAN
16844866,SAN ANTONIO POLICE DEPARTMENT,SAPD19009097,BEXAR,2019-01-13,1,29.32935563,-98.59382257,1,4 - PEDESTRIAN
16855879,SAN ANTONIO POLICE DEPARTMENT,SAPD19013389,BEXAR,2019-01-18,1,29.40328218,-98.54851332,1,4 - PEDESTRIAN
16862460,SAN ANTONIO POLICE DEPARTMENT,SAPD19014750,BEXAR,2019-01-20,1,29.49798995,-98.56556888,1,4 - PEDESTRIAN
16862469,SAN ANTONIO POLICE DEPARTMENT,SAPD19014769,BEXAR,2019-01-20,1,29.50672458,-98.58687261,1,4 - PEDESTRIAN
16859584,SAN ANTONIO POLICE DEPARTMENT,SAPD19015482,BEXAR,2019-01-21,1,29.51047697,-98.55212189,1,4 - PEDESTRIAN
16896904,SAN ANTONIO POLICE DEPARTMENT,SAPD19016118,BEXAR,2019-01-22,1,29.49301384,-98.43522665,1,4 - PEDESTRIAN
16877211,SAN ANTONIO POLICE DEPARTMENT,SAPD19018296,BEXAR,2019-01-25,1,29.31477544,-98.47550905,1,4 - PEDESTRIAN
16877208,SAN ANTONIO POLICE DEPARTMENT,SAPD19018997,BEXAR,2019-01-26,1,29.42242497,-98.49044231,1,4 - PEDESTRIAN
16894115,SAN ANTONIO POLICE DEPARTMENT,SAPD19019844,BEXAR,2019-01-27,1,No Data,No Data,1,4 - PEDESTRIAN
16880702,SAN ANTONIO POLICE DEPARTMENT,SAPD19022392,BEXAR,2019-01-31,1,29.41911497,-98.5338523,1,4 - PEDESTRIAN
16898667,SAN ANTONIO POLICE DEPARTMENT,SAPD19024234,BEXAR,2019-02-02,1,29.48578223,-98.5349623,1,4 - PEDESTRIAN
16902135,SAN ANTONIO POLICE DEPARTMENT,SAPD19023826,BEXAR,2019-02-02,1,29.37635498,-98.53415231,1,4 - PEDESTRIAN
16888081,SAN ANTONIO POLICE DEPARTMENT,SAPD19027947,BEXAR,2019-02-07,1,29.40256473,-98.4054514,1,4 - PEDESTRIAN
16921388,SAN ANTONIO POLICE DEPARTMENT,SAPD19040800,BEXAR,2019-02-25,1,No Data,No Data,1,4 - PEDESTRIAN
16955666,SAN ANTONIO POLICE DEPARTMENT,SAPD19052540,BEXAR,2019-03-13,1,29.42441555,-98.57803585,1,4 - PEDESTRIAN
16962976,SAN ANTONIO POLICE DEPARTMENT,SAPD19058004,BEXAR,2019-03-20,1,29.42396497,-98.49164231,1,4 - PEDESTRIAN
17030641,SAN ANTONIO POLICE DEPARTMENT,SAPD19066969,BEXAR,2019-03-31,1,29.31834265,-98.57620298,1,4 - PEDESTRIAN
17004076,SAN ANTONIO POLICE DEPARTMENT,SAPD19071323,BEXAR,2019-04-06,1,29.50903456,-98.54189556,1,4 - PEDESTRIAN
17016535,SAN ANTONIO POLICE DEPARTMENT,SAPD19080106,BEXAR,2019-04-17,1,29.41409295,-98.62397543,1,4 - PEDESTRIAN
17029669,SAN ANTONIO POLICE DEPARTMENT,SAPD19080942,BEXAR,2019-04-18,1,29.516366,-98.45957597,1,4 - PEDESTRIAN
17070465,SAN ANTONIO POLICE DEPARTMENT,SAPD19098982,BEXAR,2019-05-10,1,29.36904323,-98.60011333,1,4 - PEDESTRIAN
17092802,SAN ANTONIO POLICE DEPARTMENT,SAPD19110108,BEXAR,2019-05-24,1,29.42485623,-98.57700366,1,4 - PEDESTRIAN
17094187,SAN ANTONIO POLICE DEPARTMENT,SAPD19113275,BEXAR,2019-05-29,1,29.51577792,-98.49925231,1,4 - PEDESTRIAN
17107852,SAN ANTONIO POLICE DEPARTMENT,SAPD19117697,BEXAR,2019-06-03,1,29.43616497,-98.48934231,1,4 - PEDESTRIAN
17107531,SAN ANTONIO POLICE DEPARTMENT,SAPD19118793,BEXAR,2019-06-04,1,29.53289495,-98.49596231,1,4 - PEDESTRIAN
17328469,CASTLE HILLS POLICE DEPARTMENT,TA-19-0173,BEXAR,2019-06-09,1,29.52011947,-98.51782902,1,4 - PEDESTRIAN
17130075,SAN ANTONIO POLICE DEPARTMENT,SAPD19127889,BEXAR,2019-06-16,1,No Data,No Data,1,4 - PEDESTRIAN
17149905,SAN ANTONIO POLICE DEPARTMENT,SAPD19132588,BEXAR,2019-06-22,1,29.30234445,-98.38006886,1,4 - PEDESTRIAN
17151420,SAN ANTONIO POLICE DEPARTMENT,SAPD19133098,BEXAR,2019-06-23,1,29.38380807,-98.64329291,1,4 - PEDESTRIAN
17163816,SAN ANTONIO POLICE DEPARTMENT,SAPD19141013,BEXAR,2019-07-03,1,29.39625166,-98.51702873,1,4 - PEDESTRIAN
17164917,SAN ANTONIO POLICE DEPARTMENT,SAPD19141322,BEXAR,2019-07-03,1,29.3839304,-98.46920757,1,4 - PEDESTRIAN
17164619,SAN ANTONIO POLICE DEPARTMENT,SAPD19142378,BEXAR,2019-07-05,1,29.40897491,-98.5567723,1,4 - PEDESTRIAN
17171265,SAN ANTONIO POLICE DEPARTMENT,SAPD19145088,BEXAR,2019-07-08,1,29.38605498,-98.47568846,1,4 - PEDESTRIAN
17186845,BEXAR COUNTY LAW ENFORCEMENT,2019-BCSO-021180,BEXAR,2019-07-18,1,29.67561649,-98.65739343,1,4 - PEDESTRIAN
17213255,SAN ANTONIO POLICE DEPARTMENT,SAPD19160722,BEXAR,2019-07-29,1,29.51444982,-98.46568188,1,4 - PEDESTRIAN
17234490,SAN ANTONIO POLICE DEPARTMENT,SAPD19173880,BEXAR,2019-08-15,1,29.41362429,-98.48035296,1,4 - PEDESTRIAN
17261152,SAN ANTONIO POLICE DEPARTMENT,SAPD19180929,BEXAR,2019-08-23,1,29.32246196,-98.53262802,1,4 - PEDESTRIAN
17257358,SAN ANTONIO POLICE DEPARTMENT,SAPD19181875,BEXAR,2019-08-25,1,29.40082801,-98.5355828,1,4 - PEDESTRIAN
17282599,SAN ANTONIO POLICE DEPARTMENT,SAPD19183423,BEXAR,2019-08-27,1,29.55274722,-98.41044944,1,4 - PEDESTRIAN
17263143,SAN ANTONIO POLICE DEPARTMENT,SAPD19187253,BEXAR,2019-08-31,1,29.45016134,-98.57707297,1,4 - PEDESTRIAN
17273140,SAN ANTONIO POLICE DEPARTMENT,SAPD19187272,BEXAR,2019-08-31,1,29.38024994,-98.52930419,1,4 - PEDESTRIAN
17284840,CONVERSE POLICE DEPARTMENT,19003199,BEXAR,2019-09-07,1,29.51091017,-98.30819735,1,4 - PEDESTRIAN
17282199,SAN ANTONIO POLICE DEPARTMENT,SAPD19193474,BEXAR,2019-09-08,1,29.50073786,-98.49924231,1,4 - PEDESTRIAN
17297052,SAN ANTONIO POLICE DEPARTMENT,SAPD19200864,BEXAR,2019-09-18,1,29.4652495,-98.54029953,1,4 - PEDESTRIAN
17304115,SAN ANTONIO POLICE DEPARTMENT,SAPD19203766,BEXAR,2019-09-21,1,29.39199386,-98.43312233,1,4 - PEDESTRIAN
17310548,SAN ANTONIO POLICE DEPARTMENT,SAPD19203249,BEXAR,2019-09-21,1,29.44064497,-98.49545231,1,4 - PEDESTRIAN
17310615,SAN ANTONIO POLICE DEPARTMENT,SAPD19207032,BEXAR,2019-09-26,1,29.56944358,-98.65183051,1,4 - PEDESTRIAN
17317427,SAN ANTONIO POLICE DEPARTMENT,SAPD19210860,BEXAR,2019-09-30,1,29.55167504,-98.40909408,1,4 - PEDESTRIAN
17373433,SAN ANTONIO POLICE DEPARTMENT,SAPD19219852,BEXAR,2019-10-12,1,29.52703358,-98.55787656,1,4 - PEDESTRIAN
17355242,SAN ANTONIO POLICE DEPARTMENT,SAPD19221897,BEXAR,2019-10-15,1,29.42630644,-98.48061232,1,4 - PEDESTRIAN
17375319,SAN ANTONIO POLICE DEPARTMENT,SAPD19233104,BEXAR,2019-10-29,1,29.41395975,-98.60284706,1,4 - PEDESTRIAN
17393505,SAN ANTONIO POLICE DEPARTMENT,SAPD19235402,BEXAR,2019-11-01,1,29.49558982,-98.40081197,1,4 - PEDESTRIAN
17393540,SAN ANTONIO POLICE DEPARTMENT,SAPD19235503,BEXAR,2019-11-02,1,29.30679157,-98.53631152,1,4 - PEDESTRIAN
17403444,SAN ANTONIO POLICE DEPARTMENT,SAPD19240763,BEXAR,2019-11-08,1,29.43082262,-98.5547872,1,4 - PEDESTRIAN
17401692,SAN ANTONIO POLICE DEPARTMENT,SAPD19243445,BEXAR,2019-11-12,1,29.43170828,-98.40547089,1,4 - PEDESTRIAN
17419950,SAN ANTONIO POLICE DEPARTMENT,SAPD19250670,BEXAR,2019-11-22,1,29.46698755,-98.49929231,1,4 - PEDESTRIAN
17431156,SAN ANTONIO POLICE DEPARTMENT,SAPD19251607,BEXAR,2019-11-24,1,29.37679661,-98.49943347,1,4 - PEDESTRIAN
17446377,SAN ANTONIO POLICE DEPARTMENT,SAPD19258751,BEXAR,2019-12-04,1,29.41783498,-98.65742119,1,4 - PEDESTRIAN
17465455,SAN ANTONIO POLICE DEPARTMENT,SAPD19266714,BEXAR,2019-12-12,1,29.48796945,-98.70797212,1,4 - PEDESTRIAN
17469754,SAN ANTONIO POLICE DEPARTMENT,SAPD19269990,BEXAR,2019-12-18,1,29.49130857,-98.48186935,1,4 - PEDESTRIAN
17473195,BEXAR COUNTY LAW ENFORCEMENT,2019-BCSO-037088,BEXAR,2019-12-22,1,29.67264847,-98.63411522,1,4 - PEDESTRIAN
17515776,SAN ANTONIO POLICE DEPARTMENT,SAPD19277180,BEXAR,2019-12-29,1,29.6559973,-98.62571786,1,4 - PEDESTRIAN
17514827,SAN ANTONIO POLICE DEPARTMENT,SAPD20001627,BEXAR,2020-01-03,1,29.30967203,-98.61656525,1,4 - PEDESTRIAN
17502181,SAN ANTONIO POLICE DEPARTMENT,SAPD20003459,BEXAR,2020-01-05,1,29.54691832,-98.50918949,1,4 - PEDESTRIAN
17545495,SAN ANTONIO POLICE DEPARTMENT,SAPD20007987,BEXAR,2020-01-11,1,29.37960498,-98.50429231,1,4 - PEDESTRIAN
17521337,SAN ANTONIO POLICE DEPARTMENT,SAPD20010955,BEXAR,2020-01-15,1,29.49118181,-98.69747408,1,4 - PEDESTRIAN
17569493,SAN ANTONIO POLICE DEPARTMENT,SAPD20018388,BEXAR,2020-01-26,1,29.45440559,-98.55120952,1,4 - PEDESTRIAN
17544790,SAN ANTONIO POLICE DEPARTMENT,SAPD20022851,BEXAR,2020-02-01,1,29.4534654,-98.48240114,1,4 - PEDESTRIAN
17580883,SAN ANTONIO POLICE DEPARTMENT,SAPD20038329,BEXAR,2020-02-21,1,29.35375335,-98.56563959,1,4 - PEDESTRIAN
17589921,SAN ANTONIO POLICE DEPARTMENT,SAPD20041530,BEXAR,2020-02-26,1,29.5401837,-98.42174405,1,4 - PEDESTRIAN
17591750,SAN ANTONIO POLICE DEPARTMENT,SAPD20042081,BEXAR,2020-02-26,1,29.55471455,-98.48588148,1,4 - PEDESTRIAN
17624426,SAN ANTONIO POLICE DEPARTMENT,SAPD20042330,BEXAR,2020-02-27,1,29.5507487,-98.62673289,1,4 - PEDESTRIAN
17613584,SAN ANTONIO POLICE DEPARTMENT,SAPD20051267,BEXAR,2020-03-10,1,29.45575273,-98.41362951,1,4 - PEDESTRIAN
17635292,SAN ANTONIO POLICE DEPARTMENT,SAPD20054978,BEXAR,2020-03-15,1,29.54723713,-98.36616341,1,4 - PEDESTRIAN
17635298,SAN ANTONIO POLICE DEPARTMENT,SAPD20056904,BEXAR,2020-03-17,1,29.46877749,-98.60250321,1,4 - PEDESTRIAN
17629914,SAN ANTONIO POLICE DEPARTMENT,SAPD20057079,BEXAR,2020-03-18,1,29.41234482,-98.60666016,1,4 - PEDESTRIAN
17639584,SAN ANTONIO POLICE DEPARTMENT,SAPD20058903,BEXAR,2020-03-20,1,29.38855084,-98.40460003,1,4 - PEDESTRIAN
17677244,SAN ANTONIO POLICE DEPARTMENT,SAPD20059833,BEXAR,2020-03-20,1,No Data,No Data,1,4 - PEDESTRIAN
17647606,SAN ANTONIO POLICE DEPARTMENT,SAPD20066242,BEXAR,2020-04-02,1,29.40154498,-98.48555232,1,4 - PEDESTRIAN
17647605,SAN ANTONIO POLICE DEPARTMENT,SAPD20066783,BEXAR,2020-04-03,1,29.35180498,-98.48124908,1,4 - PEDESTRIAN
17654087,SAN ANTONIO POLICE DEPARTMENT,SAPD20068280,BEXAR,2020-04-06,1,29.4215817,-98.58476802,1,4 - PEDESTRIAN
17688786,BEXAR COUNTY LAW ENFORCEMENT,2020-BCSO-008686,BEXAR,2020-04-16,1,29.38836479,-98.23891058,1,4 - PEDESTRIAN
17665712,BEXAR COUNTY LAW ENFORCEMENT,2020-BCSO-009084,BEXAR,2020-04-23,1,29.43094198,-98.73041226,1,4 - PEDESTRIAN
17665792,SAN ANTONIO POLICE DEPARTMENT,SAPD20078188,BEXAR,2020-04-23,1,29.46904029,-98.5698438,1,4 - PEDESTRIAN
17700773,SAN ANTONIO POLICE DEPARTMENT,SAPD20084080,BEXAR,2020-05-03,1,29.49987576,-98.42190291,1,4 - PEDESTRIAN
17679249,SAN ANTONIO POLICE DEPARTMENT,SAPD20084808,BEXAR,2020-05-05,1,29.4369382,-98.49681971,1,4 - PEDESTRIAN
17694930,SAN ANTONIO POLICE DEPARTMENT,SAPD20090978,BEXAR,2020-05-14,1,29.31267236,-98.39961294,1,4 - PEDESTRIAN
17729961,SAN ANTONIO POLICE DEPARTMENT,SAPD20110114,BEXAR,2020-06-11,1,29.41127372,-98.38925714,1,4 - PEDESTRIAN
17777968,SAN ANTONIO POLICE DEPARTMENT,SAPD20119210,BEXAR,2020-06-25,1,29.50197496,-98.49922231,1,4 - PEDESTRIAN
17773747,SAN ANTONIO POLICE DEPARTMENT,SAPD20130215,BEXAR,2020-07-11,1,29.37945947,-98.5005471,1,4 - PEDESTRIAN
17771999,BEXAR COUNTY LAW ENFORCEMENT,2020-BCSO-013823,BEXAR,2020-07-13,1,29.24743325,-98.75574887,1,4 - PEDESTRIAN
17788176,SAN ANTONIO POLICE DEPARTMENT,SAPD20139715,BEXAR,2020-07-25,1,29.40645941,-98.64967312,1,4 - PEDESTRIAN
17812454,SAN ANTONIO POLICE DEPARTMENT,SAPD20145900,BEXAR,2020-08-03,1,29.52956946,-98.43165576,1,4 - PEDESTRIAN
17803033,SAN ANTONIO POLICE DEPARTMENT,SAPD20147273,BEXAR,2020-08-05,1,29.42480076,-98.41935792,1,4 - PEDESTRIAN
17805645,SAN ANTONIO POLICE DEPARTMENT,SAPD20148675,BEXAR,2020-08-07,1,29.47587791,-98.50784445,1,4 - PEDESTRIAN
17812475,SAN ANTONIO POLICE DEPARTMENT,SAPD20151319,BEXAR,2020-08-11,1,29.44517089,-98.52495044,1,4 - PEDESTRIAN
17845423,SAN ANTONIO POLICE DEPARTMENT,SAPD20163179,BEXAR,2020-08-28,1,29.37753863,-98.61433094,1,4 - PEDESTRIAN
17858742,SAN ANTONIO POLICE DEPARTMENT,SAPD20163859,BEXAR,2020-08-29,1,29.43397387,-98.51014967,1,4 - PEDESTRIAN
17863489,SAN ANTONIO POLICE DEPARTMENT,SAPD20172442,BEXAR,2020-09-10,1,29.35528706,-98.41913251,1,4 - PEDESTRIAN
17882089,SAN ANTONIO POLICE DEPARTMENT,SAPD20180376,BEXAR,2020-09-22,1,29.41783498,-98.65476227,1,4 - PEDESTRIAN
17908106,SAN ANTONIO POLICE DEPARTMENT,SAPD20181482,BEXAR,2020-09-23,1,29.41473669,-98.64962148,1,4 - PEDESTRIAN
17886287,SAN ANTONIO POLICE DEPARTMENT,SAPD20185124,BEXAR,2020-09-29,1,29.46154952,-98.64130151,1,4 - PEDESTRIAN
17890510,SAN ANTONIO POLICE DEPARTMENT,SAPD20185788,BEXAR,2020-09-30,1,29.43208497,-98.52646231,1,4 - PEDESTRIAN
17889768,SAN ANTONIO POLICE DEPARTMENT,SAPD20186952,BEXAR,2020-10-01,1,29.38794498,-98.50030231,1,4 - PEDESTRIAN
17909926,SAN ANTONIO POLICE DEPARTMENT,SAPD20196066,BEXAR,2020-10-13,1,29.36288494,-98.53404231,1,4 - PEDESTRIAN
17913253,SAN ANTONIO POLICE DEPARTMENT,SAPD20196781,BEXAR,2020-10-14,1,29.33331661,-98.50382424,1,4 - PEDESTRIAN
17913412,BEXAR COUNTY LAW ENFORCEMENT,2020-BCSO-019754,BEXAR,2020-10-16,1,29.27109602,-98.3021583,1,4 - PEDESTRIAN
17914160,SAN ANTONIO POLICE DEPARTMENT,SAPD20197764,BEXAR,2020-10-16,1,29.4970454,-98.40051668,1,4 - PEDESTRIAN
17921387,SAN ANTONIO POLICE DEPARTMENT,SAPD20198432,BEXAR,2020-10-16,1,29.44250221,-98.63876167,1,4 - PEDESTRIAN
17922711,HOLLYWOOD PARK POLICE DEPARTMENT,203199,BEXAR,2020-10-17,1,29.59935494,-98.47532231,1,4 - PEDESTRIAN
17951355,SAN ANTONIO POLICE DEPARTMENT,SAPD20200619,BEXAR,2020-10-20,1,29.44155203,-98.63954989,1,4 - PEDESTRIAN
17929407,SAN ANTONIO POLICE DEPARTMENT,SAPD20201906,BEXAR,2020-10-21,1,29.4316239,-98.56250078,1,4 - PEDESTRIAN
17929440,SAN ANTONIO POLICE DEPARTMENT,SAPD20201937,BEXAR,2020-10-21,1,29.44518005,-98.52502827,1,4 - PEDESTRIAN
17932298,SAN ANTONIO POLICE DEPARTMENT,SAPD20202175,BEXAR,2020-10-22,1,29.53169328,-98.49396294,1,4 - PEDESTRIAN
17948374,SAN ANTONIO POLICE DEPARTMENT,SAPD20210812,BEXAR,2020-11-03,1,29.43820166,-98.6789169,1,4 - PEDESTRIAN
17948372,SAN ANTONIO POLICE DEPARTMENT,SAPD20212129,BEXAR,2020-11-05,1,29.36402928,-98.44120645,1,4 - PEDESTRIAN
17973330,SAN ANTONIO POLICE DEPARTMENT,SAPD20217462,BEXAR,2020-11-13,1,29.50763118,-98.41140774,1,4 - PEDESTRIAN
17993403,SAN ANTONIO POLICE DEPARTMENT,SAPD20216872,BEXAR,2020-11-13,1,29.51161417,-98.53511336,1,4 - PEDESTRIAN
17972638,SAN ANTONIO POLICE DEPARTMENT,SAPD20221370,BEXAR,2020-11-19,1,29.46238525,-98.56179024,1,4 - PEDESTRIAN
18020507,SAN ANTONIO POLICE DEPARTMENT,SAPD20223799,BEXAR,2020-11-23,1,29.33021499,-98.53317231,1,4 - PEDESTRIAN
18008310,SAN ANTONIO POLICE DEPARTMENT,SAPD20227480,BEXAR,2020-11-29,1,29.56510421,-98.38888979,1,4 - PEDESTRIAN
17999111,SAN ANTONIO POLICE DEPARTMENT,SAPD20229409,BEXAR,2020-12-02,1,29.51414528,-98.50681231,1,4 - PEDESTRIAN
18027110,SAN ANTONIO POLICE DEPARTMENT,SAPD20232080,BEXAR,2020-12-07,1,29.39100962,-98.51178948,1,4 - PEDESTRIAN
18015412,SAN ANTONIO POLICE DEPARTMENT,SAPD20233800,BEXAR,2020-12-09,2,29.44609028,-98.5344485,1,4 - PEDESTRIAN
18015412,SAN ANTONIO POLICE DEPARTMENT,SAPD20233800,BEXAR,2020-12-09,2,29.44609028,-98.5344485,1,4 - PEDESTRIAN
18058171,HELOTES POLICE DEPARTMENT,20-03096,BEXAR,2020-12-10,1,29.58238956,-98.69299996,1,4 - PEDESTRIAN
18015241,BEXAR COUNTY LAW ENFORCEMENT,2020-BCSO-023513,BEXAR,2020-12-15,1,29.50810211,-98.35222416,1,4 - PEDESTRIAN
18015242,BEXAR COUNTY LAW ENFORCEMENT,2020-BCSO-023516,BEXAR,2020-12-15,1,29.50809646,-98.35223062,1,4 - PEDESTRIAN
18017207,SAN ANTONIO POLICE DEPARTMENT,SAPD20238544,BEXAR,2020-12-16,1,29.44765866,-98.4278312,1,4 - PEDESTRIAN
18039093,SAN ANTONIO POLICE DEPARTMENT,SAPD20240976,BEXAR,2020-12-20,1,29.48096042,-98.60424786,1,4 - PEDESTRIAN
18029932,SAN ANTONIO POLICE DEPARTMENT,SAPD20243349,BEXAR,2020-12-23,1,29.50426576,-98.58426583,1,4 - PEDESTRIAN
18036845,BEXAR COUNTY LAW ENFORCEMENT,2020-BCSO-024247,BEXAR,2020-12-29,1,29.16112128,-98.48254919,1,4 - PEDESTRIAN
18062420,SAN ANTONIO POLICE DEPARTMENT,SAPD20247107,BEXAR,2020-12-29,1,No Data,No Data,1,4 - PEDESTRIAN
18065255,SAN ANTONIO POLICE DEPARTMENT,sapd21002390,BEXAR,2021-01-04,1,29.34261065,-98.62554537,1,4 - PEDESTRIAN
18063876,SAN ANTONIO POLICE DEPARTMENT,sapd21003731,BEXAR,2021-01-06,1,29.40715757,-98.66313298,1,4 - PEDESTRIAN
18054949,SAN ANTONIO POLICE DEPARTMENT,SAPD21006400,BEXAR,2021-01-10,1,29.50631272,-98.52594328,1,4 - PEDESTRIAN
18085224,SAN ANTONIO POLICE DEPARTMENT,SAPD21019516,BEXAR,2021-01-30,1,29.44681139,-98.54105219,1,4 - PEDESTRIAN
18106655,SAN ANTONIO POLICE DEPARTMENT,SAPD21025673,BEXAR,2021-02-08,1,29.45893319,-98.62519248,1,4 - PEDESTRIAN
18122303,SAN ANTONIO POLICE DEPARTMENT,sapd21029064,BEXAR,2021-02-14,1,29.38793557,-98.51202814,1,4 - PEDESTRIAN
18115010,SAN ANTONIO POLICE DEPARTMENT,SAPD21030742,BEXAR,2021-02-18,1,29.37254417,-98.63959239,1,4 - PEDESTRIAN
18127111,SAN ANTONIO POLICE DEPARTMENT,SAPD21036733,BEXAR,2021-02-27,1,29.40069204,-98.53523475,1,4 - PEDESTRIAN
18150544,SAN ANTONIO POLICE DEPARTMENT,SAPD21043257,BEXAR,2021-03-09,1,29.70873743,-98.4493617,1,4 - PEDESTRIAN
18167198,HELOTES POLICE DEPARTMENT,21-00610,BEXAR,2021-03-17,1,29.58229713,-98.69292315,1,4 - PEDESTRIAN
18155226,SAN ANTONIO POLICE DEPARTMENT,SAPD21049245,BEXAR,2021-03-18,1,29.34262395,-98.61687044,1,4 - PEDESTRIAN
18192410,SAN ANTONIO POLICE DEPARTMENT,SAPD21049183,BEXAR,2021-03-18,1,No Data,No Data,1,4 - PEDESTRIAN
18168786,SAN ANTONIO POLICE DEPARTMENT,SAPD21050956,BEXAR,2021-03-20,1,29.42914824,-98.56746469,1,4 - PEDESTRIAN
18180561,SAN ANTONIO POLICE DEPARTMENT,SAPD21058928,BEXAR,2021-03-31,1,29.48389595,-98.3538743,1,4 - PEDESTRIAN
18179978,SAN ANTONIO POLICE DEPARTMENT,SAPD21059114,BEXAR,2021-04-01,1,29.43144497,-98.46400099,1,4 - PEDESTRIAN
18193111,BEXAR COUNTY LAW ENFORCEMENT,2021-BCSO-005899,BEXAR,2021-04-02,1,29.22030428,-98.42841904,1,4 - PEDESTRIAN
18203976,SAN ANTONIO POLICE DEPARTMENT,SAPD21063995,BEXAR,2021-04-07,1,29.43545424,-98.48477982,1,4 - PEDESTRIAN
18214362,SAN ANTONIO POLICE DEPARTMENT,SAPD21068813,BEXAR,2021-04-14,1,29.43909397,-98.45408154,1,4 - PEDESTRIAN
18214630,BEXAR COUNTY LAW ENFORCEMENT,2021-BCSO-007097,BEXAR,2021-04-16,1,29.23802612,-98.45345374,1,4 - PEDESTRIAN
18232784,SAN ANTONIO POLICE DEPARTMENT,SAPD21070879,BEXAR,2021-04-17,1,29.39202498,-98.43421233,1,4 - PEDESTRIAN
18231874,SAN ANTONIO POLICE DEPARTMENT,SAPD21080497,BEXAR,2021-05-01,1,29.3648939,-98.60809469,1,4 - PEDESTRIAN
18270324,SAN ANTONIO POLICE DEPARTMENT,SAPD21081295,BEXAR,2021-05-02,1,29.59705136,-98.56929674,1,4 - PEDESTRIAN
18260316,SAN ANTONIO POLICE DEPARTMENT,SAPD21088362,BEXAR,2021-05-11,1,29.39436362,-98.4046211,1,4 - PEDESTRIAN
18253387,SAN ANTONIO POLICE DEPARTMENT,SAPD21088778,BEXAR,2021-05-12,1,29.48294083,-98.49926231,1,4 - PEDESTRIAN
18266560,SAN ANTONIO POLICE DEPARTMENT,SAPD21089853,BEXAR,2021-05-13,1,29.42174497,-98.52776231,1,4 - PEDESTRIAN
18291956,SAN ANTONIO POLICE DEPARTMENT,SAPD21090621,BEXAR,2021-05-14,1,29.31687008,-98.60869918,1,4 - PEDESTRIAN
18282498,SAN ANTONIO POLICE DEPARTMENT,SAPD21091511,BEXAR,2021-05-16,1,29.60858813,-98.51380889,1,4 - PEDESTRIAN
18282863,SAN ANTONIO POLICE DEPARTMENT,SAPD21097675,BEXAR,2021-05-24,1,29.41946497,-98.45229232,1,4 - PEDESTRIAN
18281945,KIRBY POLICE DEPARTMENT,K21-050083,BEXAR,2021-05-25,1,29.46143218,-98.39761351,1,4 - PEDESTRIAN
18307087,SAN ANTONIO POLICE DEPARTMENT,SAPD21098785,BEXAR,2021-05-25,1,29.52572594,-98.41103467,1,4 - PEDESTRIAN
18287723,BEXAR COUNTY LAW ENFORCEMENT,2021-BCSO-010048,BEXAR,2021-05-31,1,29.49335213,-98.3309729,1,4 - PEDESTRIAN
18314097,SAN ANTONIO POLICE DEPARTMENT,SAPD21104778,BEXAR,2021-06-03,1,29.47569587,-98.69855713,1,4 - PEDESTRIAN
18297050,SAN ANTONIO POLICE DEPARTMENT,SAPD21106187,BEXAR,2021-06-04,1,29.47387545,-98.69738882,1,4 - PEDESTRIAN
18305314,SAN ANTONIO POLICE DEPARTMENT,SAPD21106398,BEXAR,2021-06-05,1,29.33648978,-98.62309134,1,4 - PEDESTRIAN
18304672,BEXAR COUNTY LAW ENFORCEMENT,2021-BCSO-010460,BEXAR,2021-06-06,1,29.20015488,-98.39795878,1,4 - PEDESTRIAN
18304637,SAN ANTONIO POLICE DEPARTMENT,SAPD21109944,BEXAR,2021-06-10,1,29.44467281,-98.52011153,1,4 - PEDESTRIAN
18304961,SAN ANTONIO POLICE DEPARTMENT,SAPD21110601,BEXAR,2021-06-11,1,29.56467398,-98.59146654,1,4 - PEDESTRIAN
18314098,SAN ANTONIO POLICE DEPARTMENT,SAPD21111408,BEXAR,2021-06-11,1,29.41480498,-98.5618123,1,4 - PEDESTRIAN
18324572,SAN ANTONIO POLICE DEPARTMENT,SAPD21114043,BEXAR,2021-06-15,1,29.48772133,-98.53499277,1,4 - PEDESTRIAN
18335553,SAN ANTONIO POLICE DEPARTMENT,SAPD21122333,BEXAR,2021-06-26,1,29.49512801,-98.55320717,1,4 - PEDESTRIAN
